id_properti,lokasi,luas_m2,jumlah_kamar,jumlah_kamar_mandi,usia_bangunan,harga,kategori_harga
PROP0655,Tangerang,30.0,3,3.0,33.0,203754275,Murah
PROP0077,Bekasi,122.0,5,4.0,19.0,1058031695,Murah
PROP0317,Bekasi,142.8,1,1.0,9.0,1335792780,Mahal
PROP1348,Bekasi,152.6,4,3.0,6.0,1613770786,Mahal
PROP0572,Depok,61.2,1,1.0,9.0,522156222,Murah
PROP0919,Jakarta Selatan,153.1,2,1.0,35.0,2369270732,Mahal
PROP0755,Bekasi,223.2,5,4.0,15.0,2249314569,Mahal
PROP0941,Jakarta Utara,130.3,3,3.0,17.0,1716938158,Mahal
PROP1340,Bogor,207.4 m2,5,5.0,10.0,1908223713,Mahal
PROP1194,Jakarta Selatan,196.3,1,1.0,10.0,3278812994,Mahal
PROP1084,Bekasi,100.5,5,4.0,25.0,1096106395,Murah
PROP0875,Jakarta Utara,60.4,2,2.0,9.0,866115908,Murah
PROP1271,Bogor,112.1,5,5.0,23.0,1035441307,Murah
PROP0216,Tangerang,126.9,5,5.0,28.0,1437863246,Mahal
PROP0986,Tangerang,30.0,1,1.0,16.0,216564959,Murah
PROP1415,Jakarta Utara,101.8,1,1.0,20.0,1385472600,Mahal
PROP1499,Tangerang,113.6 m2,5,5.0,39.0,1218808901,Mahal
PROP0031,Jakarta Utara,57.8,2,1.0,31.0,518785590,Murah
PROP0050,Depok,97.3 m2,5,4.0,29.0,1014786328,Murah
PROP0241,Jakarta Selatan,123.6,4,3.0,,2261804916,Mahal
PROP0310,Bogor,212.1 m2,5,,35.0,1767053352,Mahal
PROP0353,Jakarta Selatan,148.1,2,2.0,0.0,2748772086,Mahal
PROP0125,Depok,111.2,2,1.0,31.0,922202835,Murah
PROP1158,Jakarta Selatan,141.6,4,4.0,35.0,2320612476,Mahal
PROP0651,Depok,88.0,4,,1.0,1056120396,Murah
PROP0071,Bogor,138.6 m2,4,4.0,33.0,1045534562,Murah
PROP1498,Jakarta Utara,91.5 m2,4,3.0,9.0,1616103254,Mahal
PROP0702,Bekasi,105.4,3,3.0,36.0,960053162,Murah
PROP1103,Bekasi,74.9 m2,2,2.0,34.0,563416517,Murah
PROP1317,Bekasi,147.2,2,1.0,36.0,1094775325,Murah
PROP1104,Bogor,98.3,1,1.0,30.0,707944271,Murah
PROP1314,Bogor,95.4,5,5.0,16.0,846522456,Murah
PROP1482,Jakarta Selatan,30.0,5,5.0,35.0,729171124,Murah
PROP0584,Bekasi,167.3,3,3.0,8.0,1463311847,Mahal
PROP1217,Jakarta Selatan,43.2 m2,2,2.0,10.0,880647867,Murah
PROP1302,Bogor,57.9 m2,4,,27.0,410744494,Murah
PROP0501,Depok,170.7,5,5.0,22.0,1961014644,Mahal
PROP1401,Depok,96.4,4,4.0,23.0,809153882,Murah
PROP1189,Depok,30.0 m2,4,3.0,28.0,279138119,Murah
PROP0486,Tangerang,69.3,2,1.0,0.0,828583475,Murah
PROP0883,Bogor,179.8,3,3.0,35.0,1414451072,Mahal
PROP0950,Bekasi,212.9,5,4.0,7.0,2016949447,Mahal
PROP0611,Bekasi,55.7,4,3.0,16.0,665318320,Murah
PROP0491,Jakarta Selatan,103.0,5,5.0,37.0,1897989767,Mahal
PROP0354,Bekasi,176.2 m2,1,1.0,1.0,1712625050,Mahal
PROP0262,Tangerang,166.2,3,2.0,4.0,1916592563,Mahal
PROP0060,Bogor,117.0,1,1.0,2.0,995818716,Murah
PROP1038,Depok,30.0,5,5.0,12.0,559714179,Murah
PROP0539,Bogor,30.0,2,2.0,15.0,415517933,Murah
PROP1174,Tangerang,182.8,1,1.0,36.0,1776277733,Mahal
PROP0260,Jakarta Utara,169.8,4,4.0,39.0,2207778616,Mahal
PROP0766,Bogor,88.7,2,2.0,24.0,625146589,Murah
PROP1496,Bekasi,103.5,1,1.0,7.0,851221925,Murah
PROP1099,Jakarta Selatan,62.3,3,3.0,17.0,1150536213,Murah
PROP1188,Bogor,101.9,1,1.0,22.0,781569958,Murah
PROP0463,Depok,45.0,1,1.0,27.0,207507079,Murah
PROP0052,Bogor,130.4,3,3.0,7.0,1234242335,Mahal
PROP0472,Depok,103.6,2,2.0,0.0,1108029507,Murah
PROP0345,Bekasi,97.5,2,1.0,15.0,721067938,Murah
PROP0678,Bekasi,127.0,1,1.0,14.0,1066915323,Murah
PROP0304,Tangerang,30.0 m2,3,3.0,10.0,503286533,Murah
PROP0869,Jakarta Selatan,77.9,1,1.0,9.0,1391899213,Mahal
PROP0024,Tangerang,174.2,2,1.0,14.0,1883787774,Mahal
PROP0590,Jakarta Selatan,77.1,2,2.0,6.0,1437799769,Mahal
PROP1409,Jakarta Utara,67.3,2,2.0,6.0,1003701805,Murah
PROP0462,Bekasi,112.9,4,4.0,23.0,922701860,Murah
PROP0859,Jakarta Utara,114.0,4,4.0,18.0,1581624669,Mahal
PROP0765,Tangerang,126.2,5,4.0,21.0,1517067428,Mahal
PROP0760,Jakarta Utara,122.5,2,2.0,15.0,1731509515,Mahal
PROP0169,Bekasi,75.0 m2,5,5.0,16.0,1041201753,Murah
PROP1479,Jakarta Utara,30.0 m2,2,2.0,31.0,200000000,Murah
PROP0561,Tangerang,217.8 m2,3,2.0,10.0,2609913395,Mahal
PROP0568,Jakarta Selatan,147.3,1,1.0,,2125941228,Mahal
PROP1478,Depok,30.0,1,1.0,3.0,304406543,Murah
PROP0238,Jakarta Utara,129.2 m2,1,1.0,4.0,1659510301,Mahal
PROP0908,Bekasi,115.0,5,4.0,3.0,1305930593,Mahal
PROP1117,Bekasi,162.0,2,1.0,16.0,1348362561,Mahal
PROP0421,Jakarta Selatan,180.7 m2,1,1.0,28.0,2828376276,Mahal
PROP1329,Jakarta Selatan,53.7,3,2.0,12.0,1073296074,Murah
PROP0100,Bekasi,213.6,5,5.0,28.0,2071422265,Mahal
PROP0240,Jakarta Selatan,42.9 m2,3,2.0,1.0,1089005299,Murah
PROP0825,Bogor,74.9,5,5.0,3.0,937459434,Murah
PROP0416,Depok,93.2,1,1.0,35.0,690559143,Murah
PROP0068,Tangerang,130.4,4,3.0,13.0,1536514876,Mahal
PROP1106,Depok,173.2,3,3.0,3.0,1875192706,Mahal
PROP0248,Jakarta Utara,105.2,3,2.0,29.0,1440499618,Mahal
PROP1177,Depok,174.0,2,2.0,23.0,1609978296,Mahal
PROP0789,Bekasi,30.0,4,3.0,3.0,445626930,Murah
PROP1353,Bekasi,98.6,1,1.0,36.0,688902971,Murah
PROP0839,Bekasi,203.9,5,4.0,10.0,1904702641,Mahal
PROP0555,Depok,113.3,3,3.0,13.0,1375690918,Mahal
PROP0810,Jakarta Utara,148.7,5,4.0,7.0,2318825805,Mahal
PROP0124,Bekasi,245.7 m2,5,5.0,30.0,2278809056,Mahal
PROP1133,Jakarta Selatan,151.7,3,3.0,12.0,2737736395,Mahal
PROP1384,Tangerang,177.4,4,4.0,29.0,1916128639,Mahal
PROP0423,Tangerang,74.6,1,1.0,35.0,437989310,Murah
PROP1064,Bogor,30.0 m2,1,1.0,19.0,200000000,Murah
PROP1122,Bekasi,97.2,4,3.0,21.0,888355374,Murah
PROP1027,Jakarta Selatan,85.0,2,1.0,16.0,1464485966,Mahal
PROP1449,Bogor,108.0,2,1.0,6.0,1025243946,Murah
PROP0985,Jakarta Utara,67.8,2,1.0,35.0,760946570,Murah
PROP1260,Bogor,172.7 m2,3,2.0,,1540810650,Mahal
PROP0240,Jakarta Selatan,42.9 m2,3,2.0,1.0,1089005299,Murah
PROP0368,Depok,103.9,3,3.0,27.0,948617599,Murah
PROP0482,Depok,83.3 m2,2,2.0,6.0,811721859,Murah
PROP1014,Bekasi,171.3 m2,5,5.0,20.0,1829195777,Mahal
PROP1400,Jakarta Utara,96.5,4,4.0,27.0,1290058598,Mahal
PROP0940,Depok,89.1,5,4.0,19.0,1108260486,Murah
PROP0991,Tangerang,99.7,2,1.0,35.0,898030076,Murah
PROP1324,Tangerang,154.2 m2,1,1.0,39.0,1358216562,Mahal
PROP0030,Jakarta Selatan,102.4 m2,1,1.0,18.0,1696201636,Mahal
PROP1030,Bekasi,75.7 m2,1,1.0,28.0,379016122,Murah
PROP0343,Jakarta Utara,166.4 m2,2,2.0,12.0,2307645022,Mahal
PROP0847,Jakarta Utara,111.6 m2,1,1.0,1.0,1509290626,Mahal
PROP0417,Depok,157.2 m2,2,2.0,19.0,1589778946,Mahal
PROP0066,Jakarta Selatan,76.1 m2,4,3.0,18.0,1567320270,Mahal
PROP0359,Jakarta Utara,151.2 m2,3,3.0,28.0,1940909107,Mahal
PROP1233,Tangerang,146.5 m2,2,1.0,10.0,1662713081,Mahal
PROP1259,Bekasi,30.0,3,2.0,22.0,292960256,Murah
PROP1036,Bekasi,83.4,4,,1.0,1031485206,Murah
PROP1175,Bogor,145.6,5,4.0,35.0,1128805505,Murah
PROP0142,Depok,58.6,5,5.0,38.0,622400560,Murah
PROP0800,Bogor,138.6,5,4.0,26.0,1234037875,Mahal
PROP0951,BEKASI,172.7,3,3.0,10.0,1586881624,Mahal
PROP0515,Bekasi,30.0 m2,3,,32.0,218702908,Murah
PROP0725,Depok,147.0,3,2.0,27.0,1601836357,Mahal
PROP0276,Depok,128.9 m2,1,1.0,26.0,1009179673,Murah
PROP1275,Tangerang,126.0 m2,3,2.0,25.0,1295026713,Mahal
PROP1108,Bekasi,205.9,3,2.0,7.0,2052485038,Mahal
PROP0514,Jakarta Utara,76.8,4,3.0,14.0,1377548387,Mahal
PROP0627,Tangerang,172.7,5,4.0,20.0,2088842077,Mahal
PROP1139,Bogor,47.9,4,4.0,23.0,463185650,Murah
PROP1044,Tangerang,90.0,1,1.0,21.0,822129084,Murah
PROP0926,Bekasi,30.0,2,1.0,12.0,366375072,Murah
PROP1007,Jakarta Selatan,129.4 m2,1,1.0,37.0,1747669222,Mahal
PROP0045,Tangerang,65.2,2,1.0,38.0,524792034,Murah
PROP1277,Depok,141.7 m2,2,2.0,21.0,1410806610,Mahal
PROP0271,Tangerang,50.6 m2,2,2.0,0.0,626923144,Murah
PROP0406,Jakarta Selatan,235.5,2,1.0,38.0,3875680889,Mahal
PROP1090,Depok,174.8,2,1.0,4.0,1805762655,Mahal
PROP0116,Bekasi,110.3,1,1.0,30.0,908121434,Murah
PROP1058,Tangerang,30.0 m2,5,4.0,33.0,426771915,Murah
PROP1001,Bogor,57.6,4,3.0,2.0,609847022,Murah
PROP0793,Jakarta Utara,70.9 m2,5,5.0,12.0,1382799021,Mahal
PROP0528,Depok,87.8,4,4.0,6.0,1093065797,Murah
PROP0433,Jakarta Utara,136.0,4,4.0,31.0,1775556599,Mahal
PROP0894,Depok,145.8 m2,2,2.0,35.0,1140940013,Murah
PROP1197,Bekasi,137.7 m2,1,1.0,14.0,1106603156,Murah
PROP0079,Tangerang,64.4,2,2.0,9.0,706157666,Murah
PROP1234,Bekasi,208.5,2,2.0,4.0,1980016911,Mahal
PROP0624,Jakarta Selatan,142.9 m2,1,1.0,7.0,2501603761,Mahal
PROP0937,Tangerang,91.5,2,2.0,36.0,817858274,Murah
PROP1081,Jakarta Selatan,72.6 m2,5,4.0,20.0,1678749355,Mahal
PROP0630,Bogor,178.2,2,1.0,11.0,1609523899,Mahal
PROP1043,Bogor,65.2,2,1.0,39.0,300230610,Murah
PROP0016,Tangerang,82.0 m2,3,3.0,0.0,1229396011,Mahal
PROP1118,Bogor,157.4 m2,2,1.0,35.0,1279500745,Mahal
PROP1028,Jakarta Selatan,95.7,1,1.0,8.0,1713566487,Mahal
PROP0176,Tangerang,198.4,3,2.0,,2209003216,Mahal
PROP0987,Bekasi,30.0 m2,2,1.0,1.0,414116999,Murah
PROP1312,Jakarta Utara,97.5,5,5.0,34.0,1285851871,Mahal
PROP0866,Tangerang,105.9 m2,3,3.0,37.0,919678060,Murah
PROP0507,Jakarta Utara,119.0,3,2.0,38.0,1388312982,Mahal
PROP0941,Jakarta Utara,130.3,3,3.0,17.0,1716938158,Mahal
PROP0366,Depok,182.0,3,2.0,33.0,1701893199,Mahal
PROP0549,Depok,108.5,5,4.0,39.0,1029613068,Murah
PROP0204,Bekasi,73.0 m2,2,2.0,30.0,624116676,Murah
PROP0781,Bekasi,125.1,3,3.0,8.0,1251845352,Mahal
PROP1221,Jakarta Utara,114.5 m2,4,3.0,2.0,2097590193,Mahal
PROP1297,Jakarta Selatan,196.3,1,1.0,19.0,3139974773,Mahal
PROP1262,Bekasi,156.3,1,1.0,3.0,1416357792,Mahal
PROP0809,Bogor,30.0 m2,1,1.0,12.0,249669688,Murah
PROP0911,Bogor,216.8,5,4.0,24.0,1933292998,Mahal
PROP1388,Bogor,148.5,2,1.0,13.0,1280672106,Mahal
PROP0185,Depok,183.8 m2,5,4.0,20.0,2007425436,Mahal
PROP1465,Bekasi,40.7,2,1.0,23.0,227204110,Murah
PROP0480,Depok,35.8,1,1.0,9.0,289840433,Murah
PROP0057,Jakarta Selatan,278.7,3,3.0,34.0,4601142568,Mahal
PROP1146,Bogor,95.6,2,,29.0,811846308,Murah
PROP0487,Depok,165.0 m2,1,1.0,27.0,1544266384,Mahal
PROP0384,Jakarta Selatan,165.3 m2,2,1.0,35.0,2491056585,Mahal
PROP0044,Jakarta Selatan,84.2,5,5.0,21.0,1713193247,Mahal
PROP0533,Jakarta Selatan,234.5,2,2.0,2.0,4194329181,Mahal
PROP0756,Depok,105.7 m2,2,2.0,7.0,1280788454,Mahal
PROP1183,Bekasi,128.0,3,2.0,0.0,1418756149,Mahal
PROP0597,Jakarta Utara,138.4,2,2.0,10.0,1843856664,Mahal
PROP0102,Bogor,30.0,2,1.0,25.0,260041172,Murah
PROP0552,Bogor,121.8,5,5.0,28.0,1028183286,Murah
PROP0579,Depok,101.4 m2,1,1.0,8.0,1056735828,Murah
PROP0108,Jakarta Selatan,165.7 m2,4,,20.0,2903268996,Mahal
PROP1290,Depok,50.7,5,4.0,7.0,670128600,Murah
PROP1069,Jakarta Selatan,30.0 m2,3,3.0,2.0,884938822,Murah
PROP0221,Bekasi,139.4,2,1.0,1.0,1338676341,Mahal
PROP0944,Bogor,137.5 m2,3,2.0,37.0,961429870,Murah
PROP0452,Jakarta Utara,56.2 m2,4,4.0,22.0,885640605,Murah
PROP1497,Bekasi,83.1,2,2.0,24.0,863517639,Murah
PROP0887,Bekasi,87.6,3,2.0,14.0,831454020,Murah
PROP0723,Jakarta Utara,69.9 m2,4,3.0,39.0,833440405,Murah
PROP0129,Jakarta Utara,51.7,4,3.0,2.0,1163000706,Murah
PROP0333,Jakarta Utara,30.0,2,1.0,2.0,610082894,Murah
PROP0298,Bogor,180.4,2,2.0,13.0,1491046437,Mahal
PROP1462,Jakarta Utara,30.0,3,2.0,7.0,610420618,Murah
PROP0705,Bogor,179.7,5,5.0,0.0,1688131559,Mahal
PROP0679,Jakarta Utara,121.5,3,3.0,13.0,1734646416,Mahal
PROP0245,Tangerang,30.0 m2,3,2.0,20.0,357053396,Murah
PROP1126,Tangerang,154.8,2,2.0,15.0,1680863711,Mahal
PROP0662,Depok,41.6,2,2.0,4.0,487999543,Murah
PROP0845,Bekasi,82.7,2,2.0,14.0,619983811,Murah
PROP0707,Bekasi,104.9 m2,2,2.0,38.0,580070060,Murah
PROP1168,Tangerang,121.9,3,2.0,36.0,1160687437,Murah
PROP0232,Depok,58.5,1,1.0,20.0,402808183,Murah
PROP0033,Jakarta Utara,55.0 m2,5,5.0,4.0,1152303198,Murah
PROP1198,Tangerang,59.0,5,4.0,30.0,857834023,Murah
PROP0495,Jakarta Selatan,51.9,5,4.0,,858468453,Murah
PROP0599,Jakarta Selatan,132.6,3,,2.0,2693677702,Mahal
PROP1289,Bekasi,118.9,4,3.0,14.0,1091563204,Murah
PROP1182,Depok,201.1,4,3.0,9.0,2325306989,Mahal
PROP0351,Bogor,195.1 m2,2,1.0,17.0,1589717990,Mahal
PROP0990,Tangerang,109.4,5,4.0,,1528156790,Mahal
PROP1152,Tangerang,122.9,4,3.0,13.0,1438615495,Mahal
PROP0965,Bekasi,176.4,1,1.0,12.0,1592202071,Mahal
PROP1311,Bekasi,152.1 m2,2,1.0,17.0,1305105575,Mahal
PROP0412,Jakarta Utara,72.5,4,3.0,5.0,1361106209,Mahal
PROP0164,Bogor,166.8,4,4.0,9.0,1561102800,Mahal
PROP0904,Bogor,119.7 m2,4,3.0,16.0,1079820301,Murah
PROP0498,Jakarta Selatan,108.7 m2,4,4.0,29.0,1880789086,Mahal
PROP0307,Tangerang,30.0,2,1.0,31.0,200000000,Murah
PROP0434,Bogor,103.5,2,2.0,12.0,932784625,Murah
PROP0670,Bekasi,152.4 m2,2,1.0,20.0,1156191063,Murah
PROP0600,Jakarta Selatan,30.0 m2,5,5.0,12.0,977077322,Murah
PROP0372,Bogor,129.1 m2,4,3.0,34.0,1121805083,Murah
PROP1422,Tangerang,164.3 m2,2,2.0,8.0,1869430084,Mahal
PROP1213,Bogor,163.9,4,4.0,7.0,1501376625,Mahal
PROP1085,Bekasi,37.7,2,1.0,21.0,258873083,Murah
PROP0193,Jakarta Utara,45.4,5,4.0,8.0,966181267,Murah
PROP1111,Tangerang,107.1,2,1.0,1.0,1207239860,Mahal
PROP1098,Jakarta Utara,166.3 m2,4,4.0,25.0,2108456251,Mahal
PROP0927,Bogor,264.8 m2,5,5.0,15.0,2318611276,Mahal
PROP0064,Depok,110.5 m2,5,4.0,15.0,1184961214,Murah
PROP0708,Tangerang,184.7 m2,2,1.0,9.0,2055640916,Mahal
PROP1147,Tangerang,107.7,2,1.0,21.0,1168942077,Murah
PROP1204,Bogor,132.7,4,3.0,28.0,1193736731,Mahal
PROP0940,Depok,89.1,5,4.0,19.0,1108260486,Murah
PROP0909,Tangerang,87.8,3,3.0,,941889929,Murah
PROP0275,Jakarta Utara,45.6,3,3.0,29.0,434353572,Murah
PROP1376,Tangerang,160.2,3,3.0,0.0,2166438136,Mahal
PROP0669,Depok,160.3,5,4.0,18.0,1859631705,Mahal
PROP1378,Jakarta Selatan,30.0,5,4.0,5.0,946622573,Murah
PROP0199,Tangerang,128.9,1,1.0,34.0,1105927160,Murah
PROP0454,Depok,30.0,2,2.0,25.0,200000000,Murah
PROP0340,Tangerang,70.4 m2,1,1.0,16.0,498847974,Murah
PROP1037,Depok,111.1 m2,2,1.0,8.0,1131965633,Murah
PROP0890,Bogor,55.2 m2,5,4.0,13.0,642236343,Murah
PROP0272,Bogor,147.4,1,1.0,3.0,1253050050,Mahal
PROP0577,Jakarta Selatan,121.2 m2,4,4.0,21.0,2178608066,Mahal
PROP0219,Bogor,57.4,2,2.0,28.0,505633388,Murah
PROP0797,Depok,30.0 m2,3,3.0,9.0,402854179,Murah
PROP1237,Bekasi,82.8,2,1.0,38.0,680762310,Murah
PROP0428,Jakarta Utara,159.3,3,2.0,18.0,2270532224,Mahal
PROP0352,Jakarta Selatan,118.1 m2,5,5.0,22.0,2199706423,Mahal
PROP1031,Tangerang,75.6,5,4.0,5.0,1236633719,Mahal
PROP1263,Depok,124.7,1,1.0,31.0,903479729,Murah
PROP0325,Bogor,176.9,1,1.0,27.0,1321026090,Mahal
PROP0414,Bekasi,97.5,4,4.0,29.0,969884941,Murah
PROP1336,Tangerang,74.5 m2,1,1.0,37.0,630230466,Murah
PROP1041,Bekasi,225.7,5,4.0,4.0,2314677438,Mahal
PROP0695,Jakarta Selatan,102.5,5,4.0,34.0,1717402957,Mahal
PROP1094,Jakarta Selatan,136.9 m2,2,1.0,37.0,2086369431,Mahal
PROP1484,Depok,163.4,3,2.0,16.0,1755932174,Mahal
PROP1156,Jakarta Selatan,83.7,5,5.0,27.0,1612787585,Mahal
PROP0290,Jakarta Utara,91.1 m2,3,3.0,9.0,1416403893,Mahal
PROP1170,Bogor,75.5,2,1.0,6.0,711424356,Murah
PROP1423,Depok,126.8,5,4.0,32.0,1359068377,Mahal
PROP1006,Jak. Utara,199.2,5,4.0,2.0,3055250858,Mahal
PROP1005,Bogor,160.1 m2,5,5.0,,1484238206,Mahal
PROP0619,Bogor,88.7,3,2.0,16.0,786694935,Murah
PROP0998,Jakarta Utara,170.2,3,2.0,26.0,2376652642,Mahal
PROP0278,BEKASI,158.7,2,1.0,12.0,1571478724,Mahal
PROP1190,Jakarta Utara,141.0,5,5.0,1.0,2320937692,Mahal
PROP0862,Jakarta Selatan,134.1 m2,2,1.0,36.0,1933929040,Mahal
PROP0237,Bekasi,129.3,5,4.0,16.0,1312320243,Mahal
PROP0615,Bekasi,111.9,5,5.0,23.0,1254521922,Mahal
PROP1331,Bekasi,43.8,1,1.0,2.0,274627568,Murah
PROP1476,Tangerang,74.2,2,1.0,23.0,633938554,Murah
PROP1398,Bogor,150.2,2,2.0,11.0,1237116273,Mahal
PROP1303,Bekasi,98.5,4,3.0,34.0,1063045214,Murah
PROP0209,Bekasi,81.5,2,2.0,13.0,689836309,Murah
PROP0381,Jakarta Utara,30.0,1,1.0,26.0,200000000,Murah
PROP1248,Bekasi,38.1,2,2.0,34.0,200000000,Murah
PROP0939,Tangerang,125.0 m2,4,3.0,7.0,1626154020,Mahal
PROP0059,Jakarta Selatan,92.5 m2,1,1.0,11.0,1393729418,Mahal
PROP0383,Tangerang,99.7,3,2.0,6.0,1162899507,Murah
PROP0375,Tangerang,88.2,5,5.0,27.0,1070247161,Murah
PROP0430,Depok,149.2,2,1.0,33.0,1238562465,Mahal
PROP0995,Jakarta Selatan,134.4,2,1.0,29.0,2017763185,Mahal
PROP1226,Tangerang,148.1,5,4.0,30.0,1743987102,Mahal
PROP0742,Jakarta Utara,117.1,4,3.0,24.0,1787650874,Mahal
PROP1236,Bogor,48.2 m2,2,1.0,30.0,345858738,Murah
PROP0362,Tangerang,106.8,5,4.0,23.0,1224348183,Mahal
PROP1080,tangerang,115.3,2,1.0,31.0,1017149860,Murah
PROP0465,Depok,30.0,4,4.0,20.0,325618584,Murah
PROP0583,Depok,132.9,1,1.0,36.0,1069191707,Murah
PROP1179,Jakarta Selatan,94.3,1,1.0,0.0,1749712552,Mahal
PROP0842,Bekasi,137.7,3,2.0,21.0,1144073280,Murah
PROP1068,Jakarta Utara,114.9 m2,3,,38.0,1316168797,Mahal
PROP0234,Depok,69.8,4,4.0,14.0,731456612,Murah
PROP1432,Bogor,89.7,4,3.0,1.0,825789955,Murah
PROP0197,Jakarta Selatan,169.5 m2,2,2.0,14.0,3040731927,Mahal
PROP0665,Bogor,51.5,4,4.0,26.0,514442269,Murah
PROP1288,Bekasi,150.2,1,1.0,32.0,1068368017,Murah
PROP0082,Bekasi,90.6 m2,5,4.0,35.0,750638144,Murah
PROP1434,Jakarta Utara,188.8,3,3.0,22.0,2821984188,Mahal
PROP0999,Jakarta Selatan,30.0,1,1.0,26.0,251310388,Murah
PROP1430,Bogor,46.4 m2,3,3.0,34.0,277611937,Murah
PROP0112,Bogor,98.4 m2,1,1.0,30.0,668037844,Murah
PROP1305,Jakarta Selatan,78.3,2,2.0,30.0,1008826305,Murah
PROP0807,Bogor,59.8,3,2.0,25.0,318824885,Murah
PROP1014,Bekasi,171.3 m2,5,5.0,20.0,1829195777,Mahal
PROP1441,Jakarta Selatan,147.6,5,5.0,22.0,2569458299,Mahal
PROP1294,Bekasi,125.1,3,,13.0,1207748633,Mahal
PROP0675,Depok,153.5 m2,4,3.0,12.0,1554848239,Mahal
PROP0311,Depok,140.9 m2,4,3.0,39.0,1359435494,Mahal
PROP0612,Tangerang,94.7,3,2.0,,1188728646,Murah
PROP0923,Jakarta Selatan,95.5,1,1.0,13.0,1505396995,Mahal
PROP0918,Bogor,127.0 m2,5,4.0,38.0,853686955,Murah
PROP0846,Bogor,120.3 m2,3,2.0,20.0,961862384,Murah
PROP1134,Bekasi,219.5,2,1.0,16.0,2000166865,Mahal
PROP0620,Jakarta Selatan,86.8,3,2.0,18.0,1574294068,Mahal
PROP0367,Bogor,182.1 m2,5,4.0,18.0,1509719718,Mahal
PROP1264,Bogor,38.3,2,2.0,,491977302,Murah
PROP1243,Jakarta Selatan,78.0,1,1.0,0.0,1424278205,Mahal
PROP0426,Bekasi,145.0,2,2.0,2.0,1470732663,Mahal
PROP0882,Jakarta Utara,218.1 m2,5,4.0,29.0,3101195201,Mahal
PROP0830,Jakarta Selatan,81.3 m2,2,2.0,34.0,1102036402,Murah
PROP1354,Bekasi,96.7 m2,1,1.0,26.0,606185401,Murah
PROP1404,Depok,115.1,5,4.0,8.0,1409781448,Mahal
PROP0650,Depok,96.9,4,3.0,10.0,1134477685,Murah
PROP0589,Bekasi,128.1,1,1.0,21.0,1013049100,Murah
PROP1210,Jakarta Selatan,172.2,4,4.0,23.0,3022932411,Mahal
PROP1431,Tangerang,82.8,2,2.0,33.0,688403645,Murah
PROP0783,Tangerang,84.9,1,1.0,8.0,784897357,Murah
PROP1310,Bogor,94.6,5,5.0,5.0,991546934,Murah
PROP0255,Jakarta Utara,97.4,4,3.0,33.0,1285922163,Mahal
PROP0323,Jakarta Selatan,144.0,1,1.0,25.0,2107526133,Mahal
PROP1115,Bogor,111.0 m2,4,3.0,11.0,913128561,Murah
PROP0429,Bogor,56.1 m2,5,5.0,37.0,490154527,Murah
PROP0576,Bogor,110.7 m2,2,2.0,13.0,753704190,Murah
PROP1076,Depok,42.2,5,5.0,35.0,389661383,Murah
PROP0870,Bogor,114.6,1,1.0,3.0,1016536842,Murah
PROP0355,Bekasi,92.1 m2,3,2.0,4.0,1031924646,Murah
PROP1195,Tangerang,130.8 m2,5,4.0,6.0,1555780934,Mahal
PROP0087,Jakarta Utara,120.1 m2,3,2.0,11.0,1662710399,Mahal
PROP1451,Jakarta Selatan,155.6,4,3.0,36.0,2729283269,Mahal
PROP0266,Jakarta Selatan,139.2,1,1.0,36.0,1935250044,Mahal
PROP0288,Jakarta Utara,135.1,5,5.0,15.0,2161695971,Mahal
PROP0921,Depok,159.6,4,3.0,36.0,1525265198,Mahal
PROP0439,Depok,93.2,5,4.0,6.0,1337020926,Mahal
PROP1425,Bekasi,65.7 m2,2,2.0,17.0,588624439,Murah
PROP1086,Tangerang,30.0,5,4.0,22.0,553862919,Murah
PROP0440,Jakarta Selatan,176.5,3,2.0,10.0,3095927686,Mahal
PROP0757,Jakarta Selatan,148.5,3,2.0,17.0,2458816211,Mahal
PROP0222,Bekasi,168.6 m2,3,3.0,31.0,1511817471,Mahal
PROP0114,Depok,54.5,3,2.0,5.0,718585249,Murah
PROP0591,Jakarta Selatan,76.5 m2,1,1.0,5.0,1347860596,Mahal
PROP0602,Jakarta Utara,143.1 m2,2,2.0,27.0,1891038282,Mahal
PROP0175,Tangerang,75.5 m2,2,2.0,5.0,987589213,Murah
PROP0553,Bekasi,53.7,4,,24.0,331787131,Murah
PROP0382,Bekasi,30.0,4,3.0,8.0,414811027,Murah
PROP1201,Bekasi,64.6,3,3.0,7.0,560420405,Murah
PROP0019,Jakarta Utara,54.1,2,1.0,35.0,331609050,Murah
PROP1191,Bekasi,229.8,3,2.0,17.0,2170536112,Mahal
PROP0286,Jakarta Selatan,75.6,4,,17.0,1400421003,Mahal
PROP1211,Bogor,150.7 m2,5,4.0,36.0,1355434421,Mahal
PROP0747,Jakarta Utara,30.0,3,3.0,35.0,357806207,Murah
PROP1222,Bekasi,158.6,2,2.0,0.0,1597821349,Mahal
PROP0032,Depok,105.0 m2,4,3.0,22.0,1131009553,Murah
PROP1162,Jakarta Utara,70.5 m2,1,1.0,6.0,1072785813,Murah
PROP0211,Bogor,108.7,1,1.0,22.0,832282101,Murah
PROP1000,Depok,112.2,4,3.0,23.0,1234617029,Mahal
PROP0479,Depok,90.3,2,2.0,0.0,1100241275,Murah
PROP0837,Depok,98.3,4,3.0,39.0,969400978,Murah
PROP0734,Jakarta Selatan,92.3 m2,1,1.0,29.0,1227607168,Mahal
PROP0963,Bogor,137.9,2,2.0,30.0,995699504,Murah
PROP0395,Bogor,141.5,2,2.0,23.0,963921224,Murah
PROP1193,Bogor,30.0,2,1.0,6.0,273024011,Murah
PROP0189,Jakarta Selatan,30.0 m2,2,2.0,10.0,556770093,Murah
PROP1176,Jakarta Utara,201.0,3,2.0,6.0,2884497551,Mahal
PROP0967,Bogor,164.7,1,1.0,25.0,1066484288,Murah
PROP0635,Bogor,75.3,3,2.0,31.0,511186071,Murah
PROP0494,Bogor,152.8,5,5.0,32.0,1150697198,Murah
PROP1342,Bogor,113.7,5,5.0,17.0,1066313965,Murah
PROP0932,Bekasi,142.8 m2,2,1.0,14.0,1305807982,Mahal
PROP0084,Jakarta Selatan,130.5,3,2.0,,2458260129,Mahal
PROP0694,Depok,77.0,4,3.0,33.0,696494278,Murah
PROP0049,Tangerang,123.1 m2,2,1.0,25.0,1266327952,Mahal
PROP1138,Jakarta Selatan,97.9,3,3.0,1.0,1896747977,Mahal
PROP0156,Bogor,41.9,2,2.0,5.0,358506035,Murah
PROP0427,Bekasi,79.2 m2,1,1.0,23.0,556997831,Murah
PROP1164,Depok,81.6,4,4.0,13.0,852357127,Murah
PROP0436,Depok,242.3,4,,21.0,2567603313,Mahal
PROP1074,Depok,146.5,4,4.0,28.0,1431826671,Mahal
PROP0835,Jakarta Utara,30.0,2,2.0,1.0,625981779,Murah
PROP1256,Jakarta Utara,30.0 m2,1,1.0,36.0,200000000,Murah
PROP0274,Depok,95.4,1,1.0,21.0,716416805,Murah
PROP0536,Depok,111.6,5,4.0,25.0,1208129107,Mahal
PROP0180,Bogor,79.1 m2,3,3.0,39.0,515203877,Murah
PROP0544,Jakarta Selatan,136.3,1,1.0,14.0,2236011932,Mahal
PROP1274,Bekasi,101.0,5,4.0,29.0,909928429,Murah
PROP0632,Jakarta Utara,123.5,5,5.0,31.0,1824736039,Mahal
PROP0715,Jakarta Utara,30.0,1,1.0,8.0,457448222,Murah
PROP0844,Bekasi,177.4,1,1.0,28.0,1409909116,Mahal
PROP0364,Bekasi,141.9,1,1.0,20.0,1322897510,Mahal
PROP1202,Bekasi,145.1 m2,4,4.0,0.0,1604542853,Mahal
PROP1224,Bogor,30.0,5,4.0,37.0,200000000,Murah
PROP0347,Jakarta Utara,127.5,2,1.0,2.0,1803004840,Mahal
PROP0819,Tangerang,167.7,5,4.0,21.0,2165311154,Mahal
PROP0535,Tangerang,136.1,5,5.0,25.0,1717154733,Mahal
PROP0680,Jakarta Selatan,136.9,5,,4.0,2870467377,Mahal
PROP1321,Bogor,111.4,3,2.0,27.0,802790539,Murah
PROP0608,Jakarta Utara,166.6 m2,5,5.0,0.0,2707014149,Mahal
PROP1270,Jakarta Utara,84.5,3,3.0,30.0,1128330465,Murah
PROP0942,Bogor,178.9 m2,2,2.0,18.0,1530000615,Mahal
PROP0244,Tangerang,211.8,1,1.0,0.0,2362913403,Mahal
PROP1486,Tangerang,102.1,3,2.0,7.0,1195248589,Mahal
PROP1426,Jakarta Selatan,30.0,5,4.0,31.0,516422012,Murah
PROP0637,Bekasi,83.0,5,5.0,37.0,730944225,Murah
PROP1129,Jakarta Selatan,190.7,5,4.0,7.0,3849359656,Mahal
PROP1186,Jakarta Utara,112.9 m2,4,3.0,8.0,1909318707,Mahal
PROP1091,Depok,30.0 m2,2,1.0,25.0,231325000,Murah
PROP1450,Tangerang,119.4 m2,1,1.0,33.0,1147961671,Murah
PROP0813,Bekasi,157.1 m2,4,4.0,5.0,1686922479,Mahal
PROP0309,Jakarta Utara,129.2 m2,4,3.0,6.0,1985813059,Mahal
PROP0431,Bekasi,129.7 m2,3,3.0,8.0,1273430183,Mahal
PROP1102,Bekasi,134.4,2,,5.0,1247577279,Mahal
PROP0399,Jakarta Utara,110.1,1,1.0,39.0,1071069276,Murah
PROP0424,Depok,92.5 m2,2,2.0,5.0,901965694,Murah
PROP0371,Jakarta Utara,65.5,3,2.0,10.0,1036818849,Murah
PROP0055,Tangerang,30.0,2,2.0,7.0,451618641,Murah
PROP0788,Jakarta Selatan,158.1 m2,2,1.0,24.0,2557496418,Mahal
PROP1166,Bogor,126.3,5,5.0,26.0,1105058950,Murah
PROP0994,Depok,31.2 m2,5,5.0,,580990915,Murah
PROP0313,Depok,50.1,4,3.0,5.0,772742123,Murah
PROP1341,Bogor,182.3 m2,1,1.0,15.0,1376534272,Mahal
PROP0592,Jakarta Selatan,105.6,3,3.0,35.0,1577576677,Mahal
PROP0110,Jakarta Selatan,48.1,3,3.0,33.0,636763360,Murah
PROP1089,Jakarta Utara,47.0 m2,1,1.0,22.0,200000000,Murah
PROP0811,Tangerang,138.0 m2,2,2.0,26.0,1356462069,Mahal
PROP0101,Jakarta Selatan,64.0,5,5.0,6.0,1632181771,Mahal
PROP0483,Jakarta Selatan,213.1,1,1.0,38.0,3185382609,Mahal
PROP0692,Bekasi,56.4,2,1.0,0.0,679751935,Murah
PROP1405,Jakarta Selatan,30.0,4,4.0,23.0,612493085,Murah
PROP0267,Jakarta Utara,30.0,1,1.0,31.0,200000000,Murah
PROP0701,Jakarta Utara,108.2 m2,5,4.0,24.0,1676636167,Mahal
PROP0297,Depok,148.6,4,4.0,22.0,1450103770,Mahal
PROP1344,Depok,108.0 m2,1,1.0,9.0,989729589,Murah
PROP0975,Bekasi,148.0,3,2.0,1.0,1427962015,Mahal
PROP0721,Bekasi,195.2 m2,1,1.0,32.0,1544063671,Mahal
PROP1205,Depok,130.8,1,1.0,9.0,1159086456,Murah
PROP0378,Jakarta Selatan,30.0,1,1.0,8.0,488896109,Murah
PROP0287,Depok,79.5,2,1.0,14.0,819744486,Murah
PROP1469,Depok,110.1 m2,1,1.0,26.0,924574060,Murah
PROP0753,Jakarta Selatan,53.3 m2,3,2.0,17.0,939119155,Murah
PROP0127,Bogor,77.8,1,1.0,38.0,482523127,Murah
PROP0328,Bekasi,158.8,1,1.0,31.0,1314402996,Mahal
PROP0293,Bogor,92.4 m2,4,3.0,26.0,671377468,Murah
PROP0567,Tangerang,100.2,2,1.0,16.0,1067433268,Murah
PROP1396,Depok,62.4,4,4.0,2.0,987986273,Murah
PROP0671,Bogor,120.9,3,2.0,39.0,833630214,Murah
PROP0356,Bogor,105.8,1,1.0,17.0,744285211,Murah
PROP1246,Tangerang,122.0,4,3.0,5.0,1593956252,Mahal
PROP0171,Depok,125.3,5,5.0,20.0,1520952353,Mahal
PROP1392,Bogor,134.5 m2,5,4.0,6.0,1306964607,Mahal
PROP0529,Jakarta Utara,153.6,2,1.0,17.0,1991836578,Mahal
PROP0644,Tangerang,150.8,1,1.0,39.0,1290942449,Mahal
PROP1296,Bekasi,139.3,2,1.0,26.0,1114862599,Murah
PROP0210,Tangerang,186.3 m2,2,2.0,6.0,2188099610,Mahal
PROP0621,Depok,125.5,3,3.0,8.0,1423343974,Mahal
PROP1350,Tangerang,121.8 m2,1,1.0,26.0,1199306451,Mahal
PROP0141,Tangerang,51.6,3,3.0,16.0,507944738,Murah
PROP1101,Bekasi,179.2,2,1.0,12.0,1745592236,Mahal
PROP1055,Bekasi,57.0,3,3.0,16.0,578305916,Murah
PROP1171,Tangerang,151.9,2,2.0,16.0,1670802320,Mahal
PROP1214,Jakarta Utara,133.5 m2,4,4.0,39.0,1730748113,Mahal
PROP0818,Jakarta Utara,64.9 m2,2,2.0,23.0,632555849,Murah
PROP1247,Tangerang,70.4,4,4.0,4.0,988893456,Murah
PROP0616,Bekasi,95.5 m2,3,2.0,8.0,836766267,Murah
PROP0200,Depok,33.7,4,4.0,39.0,301481277,Murah
PROP1051,Bogor,30.0 m2,3,,30.0,252475463,Murah
PROP1241,Jakarta Utara,62.6,2,1.0,29.0,651913159,Murah
PROP0731,Jakarta Selatan,53.4,3,2.0,31.0,644787765,Murah
PROP0746,Jakarta Selatan,72.3,2,2.0,33.0,994208444,Murah
PROP1427,Tangerang,113.6,5,5.0,29.0,1314176471,Mahal
PROP0011,Jakarta Utara,74.7 m2,5,4.0,32.0,1073858351,Murah
PROP0148,Depok,69.7,1,1.0,12.0,731991835,Murah
PROP0744,Tangerang,147.9,5,,21.0,1818543306,Mahal
PROP0283,Bekasi,111.0 m2,3,3.0,7.0,1148802709,Murah
PROP0299,Bogor,45.8 m2,2,1.0,22.0,200000000,Murah
PROP0722,Depok,183.8 m2,4,4.0,20.0,1825458337,Mahal
PROP0292,Bogor,160.7,5,4.0,18.0,1602150287,Mahal
PROP0527,Depok,33.0,4,4.0,20.0,400798903,Murah
PROP1059,Tangerang,170.2 m2,5,4.0,36.0,1880408751,Mahal
PROP1375,Bogor,30.0,2,1.0,11.0,317154477,Murah
PROP0571,Bekasi,52.6,4,,13.0,674440204,Murah
PROP0523,Depok,192.3,1,1.0,25.0,1607721373,Mahal
PROP0130,Tangerang,57.8,5,5.0,31.0,674489222,Murah
PROP0598,Tangerang,37.6,2,2.0,12.0,377953646,Murah
PROP0332,Bekasi,138.1,3,2.0,17.0,1358605851,Mahal
PROP0324,Depok,107.8 m2,1,1.0,28.0,977359394,Murah
PROP1454,Bogor,94.8,1,1.0,5.0,814576792,Murah
PROP1019,Depok,40.2,3,2.0,27.0,374391367,Murah
PROP0652,Depok,153.8,3,3.0,34.0,1449029951,Mahal
PROP0136,Jakarta Utara,92.8 m2,2,1.0,33.0,1121458695,Murah
PROP0545,Bekasi,37.1,2,2.0,9.0,541173914,Murah
PROP0947,Jakarta Selatan,62.0,5,5.0,14.0,1396641112,Mahal
PROP0681,Jakarta Selatan,128.3 m2,5,5.0,5.0,2618391676,Mahal
PROP0712,Bogor,102.7 m2,3,3.0,16.0,883358197,Murah
PROP0159,Bogor,133.0 m2,3,3.0,27.0,1053310899,Murah
PROP0853,Jakarta Utara,104.1 m2,2,1.0,30.0,1308288638,Mahal
PROP1493,Tangerang,107.4,5,5.0,36.0,1241570392,Mahal
PROP0196,Depok,115.7 m2,2,2.0,18.0,1055198748,Murah
PROP1487,Bogor,100.9 m2,1,1.0,11.0,817290385,Murah
PROP0530,Jakarta Utara,30.0,3,3.0,14.0,365012421,Murah
PROP0411,Bekasi,117.0,4,3.0,36.0,801110856,Murah
PROP0097,Jakarta Selatan,116.0,3,3.0,31.0,1847471565,Mahal
PROP0603,Jakarta Utara,146.9,1,1.0,39.0,1567413101,Mahal
PROP0157,Bogor,30.0,1,1.0,26.0,221741710,Murah
PROP0420,Jakarta Selatan,106.7 m2,5,4.0,32.0,1923673180,Mahal
PROP0661,Bekasi,62.8,1,1.0,17.0,528582404,Murah
PROP0478,Jakarta Utara,114.9,1,1.0,33.0,1155633089,Murah
PROP0629,Bogor,152.8,2,2.0,33.0,1125603696,Murah
PROP0880,Tangerang,176.5 m2,2,1.0,35.0,1765555068,Mahal
PROP0966,Bogor,112.3 m2,1,1.0,21.0,849271787,Murah
PROP0448,Bogor,157.0,2,2.0,15.0,1237241513,Mahal
PROP0179,Bogor,46.6,5,5.0,19.0,532985313,Murah
PROP0391,Bogor,157.0 m2,1,1.0,7.0,1347991836,Mahal
PROP1318,Bogor,136.4,2,1.0,33.0,1024027520,Murah
PROP1145,Depok,106.3,2,1.0,7.0,1104754977,Murah
PROP1269,Bekasi,55.5,5,5.0,21.0,587551958,Murah
PROP1079,Jakarta Utara,130.8 m2,4,3.0,24.0,1941680295,Mahal
PROP1421,Bogor,118.4,2,,7.0,1062773424,Murah
PROP0888,Bekasi,132.6 m2,5,4.0,37.0,1163930147,Murah
PROP0933,Tangerang,91.0 m2,2,1.0,25.0,1069883323,Murah
PROP0814,Bogor,113.3,5,5.0,19.0,910801804,Murah
PROP0768,Bekasi,163.6,4,3.0,27.0,1490648271,Mahal
PROP0812,Jakarta Utara,59.6,2,2.0,13.0,866445333,Murah
PROP0295,Tangerang,166.1,3,2.0,20.0,1683776786,Mahal
PROP0562,Bekasi,123.7 m2,1,1.0,9.0,1165125281,Murah
PROP0900,Jakarta Utara,126.3,2,1.0,6.0,1804985241,Mahal
PROP0089,Bogor,124.2,1,1.0,12.0,1025649837,Murah
PROP1008,Bekasi,64.5 m2,5,4.0,24.0,597460070,Murah
PROP1232,Depok,131.9,5,,25.0,1341402879,Mahal
PROP1490,Bogor,30.0 m2,5,5.0,0.0,528564080,Murah
PROP0716,Depok,114.6 m2,2,2.0,11.0,1241048945,Mahal
PROP1417,Bekasi,134.7,4,4.0,26.0,1315549391,Mahal
PROP0719,Tangerang,136.5,1,1.0,34.0,1148636702,Murah
PROP0974,Depok,63.5,1,1.0,11.0,526464676,Murah
PROP0291,Bekasi,174.6,5,5.0,23.0,1642981271,Mahal
PROP1448,Tangerang,190.8,1,1.0,7.0,2098066838,Mahal
PROP0614,Jakarta Selatan,140.5 m2,1,1.0,18.0,2260459245,Mahal
PROP0349,Jakarta Utara,65.3,3,2.0,19.0,917240755,Murah
PROP0586,Bogor,155.7,3,2.0,6.0,1373855353,Mahal
PROP1442,Jakarta Selatan,219.5,5,5.0,34.0,3935881953,Mahal
PROP0713,Tangerang,252.5,3,3.0,11.0,2786892995,Mahal
PROP0856,Tangerang,89.0 m2,5,4.0,9.0,1380523030,Mahal
PROP0618,Depok,98.2 m2,1,1.0,21.0,907092711,Murah
PROP0459,Depok,120.5 m2,1,1.0,3.0,958475575,Murah
PROP0376,Jakarta Utara,167.8,4,4.0,1.0,2551301790,Mahal
PROP0334,Jakarta Utara,122.3,4,4.0,19.0,1691344209,Mahal
PROP0782,Jakarta Utara,100.4 m2,2,1.0,13.0,1438908938,Mahal
PROP1352,Jakarta Utara,91.3 m2,1,1.0,28.0,1024318327,Murah
PROP1410,Jakarta Selatan,30.0,4,3.0,8.0,903134125,Murah
PROP1419,Jakarta Selatan,203.9,2,1.0,22.0,3350767571,Mahal
PROP0585,Depok,137.4,5,4.0,37.0,1376038169,Mahal
PROP0329,Depok,60.5,1,1.0,23.0,441243044,Murah
PROP0319,Jakarta Utara,111.8,4,3.0,29.0,1571907368,Mahal
PROP1178,Bogor,75.7,1,1.0,33.0,517361144,Murah
PROP0983,Tangerang,151.3,5,4.0,16.0,1704561954,Mahal
PROP0013,Jakarta Selatan,126.0,4,4.0,4.0,2602680572,Mahal
PROP0172,Jakarta Utara,189.1 m2,2,1.0,15.0,2580338620,Mahal
PROP0261,Depok,164.6,5,4.0,15.0,1838162724,Mahal
PROP0848,Depok,166.4,3,3.0,37.0,1501515701,Mahal
PROP0889,Depok,30.0 m2,3,3.0,29.0,327578622,Murah
PROP1142,Bekasi,112.7,5,5.0,4.0,1237231195,Mahal
PROP0139,Depok,161.8,5,5.0,6.0,1925433253,Mahal
PROP0550,Tangerang,126.8,5,4.0,5.0,1707076521,Mahal
PROP1358,Bekasi,58.3,2,2.0,25.0,439270660,Murah
PROP0874,Tangerang,71.6,5,5.0,20.0,919814347,Murah
PROP0959,Bekasi,212.6,5,4.0,7.0,2158849519,Mahal
PROP0559,Jakarta Utara,100.5,2,2.0,38.0,1220221797,Mahal
PROP0140,Depok,167.7 m2,2,1.0,7.0,1789856490,Mahal
PROP0904,Bogor,119.7 m2,4,3.0,16.0,1079820301,Murah
PROP0902,Bogor,56.2,4,4.0,6.0,706398634,Murah
PROP0225,Bogor,111.8 m2,5,4.0,19.0,1118948637,Murah
PROP0606,Depok,83.5,5,4.0,22.0,1015352375,Murah
PROP0410,Depok,30.0,2,2.0,20.0,200000000,Murah
PROP0326,Tangerang,40.9,4,3.0,10.0,766906602,Murah
PROP0300,Depok,37.7,1,1.0,17.0,200000000,Murah
PROP0915,Bekasi,30.0,2,2.0,16.0,200576030,Murah
PROP1054,Depok,184.1 m2,1,1.0,,1664490124,Mahal
PROP1047,Tangerang,30.0,3,2.0,20.0,413261948,Murah
PROP1420,Jakarta Utara,137.4 m2,3,3.0,20.0,1829464491,Mahal
PROP0977,Depok,70.3,1,1.0,25.0,512187902,Murah
PROP0901,Depok,181.8 m2,4,3.0,7.0,1924491423,Mahal
PROP0574,Jakarta Selatan,122.9 m2,1,1.0,38.0,1664057513,Mahal
PROP0504,Jakarta Selatan,110.1,3,3.0,,2272666863,Mahal
PROP1245,Bekasi,149.2,2,1.0,5.0,1431119600,Mahal
PROP0004,tangerang,83.1 m2,2,2.0,3.0,893427159,Murah
PROP0786,Tangerang,109.9,2,1.0,2.0,1229821960,Mahal
PROP0468,Bogor,113.8,5,4.0,12.0,1070858964,Murah
PROP0322,Bekasi,149.9 m2,2,2.0,3.0,1396384580,Mahal
PROP0006,Jakarta Utara,34.5 m2,2,1.0,32.0,276840195,Murah
PROP1151,Depok,130.9 m2,2,1.0,11.0,1266281735,Mahal
PROP0548,tangerang,154.3,5,4.0,5.0,1980381792,Mahal
PROP0773,Jakarta Selatan,104.6,4,3.0,15.0,2070860476,Mahal
PROP0040,Jakarta Utara,141.3,5,5.0,6.0,2406771263,Mahal
PROP0543,Jakarta Selatan,112.3,1,1.0,,1832746935,Mahal
PROP0243,Jakarta Selatan,93.5,5,4.0,27.0,1849763778,Mahal
PROP0137,Jakarta Selatan,104.9 m2,3,3.0,4.0,1986536954,Mahal
PROP1212,Bogor,78.4,4,3.0,5.0,1023623073,Murah
PROP0622,Depok,206.3,4,3.0,37.0,1997641005,Mahal
PROP0799,Bogor,43.4 m2,3,2.0,39.0,200000000,Murah
PROP1480,Jakarta Utara,70.6 m2,5,4.0,34.0,898102202,Murah
PROP1088,Bogor,75.1,5,4.0,9.0,710321669,Murah
PROP1474,Bekasi,61.8,5,4.0,4.0,678447591,Murah
PROP1395,Depok,241.0,1,1.0,22.0,2155163828,Mahal
PROP0582,Jakarta Selatan,79.2 m2,2,1.0,23.0,1232363526,Mahal
PROP1138,Jakarta Selatan,97.9,3,3.0,1.0,1896747977,Mahal
PROP0850,Bekasi,155.3,4,4.0,24.0,1417846043,Mahal
PROP1418,Tangerang,44.0,3,3.0,16.0,644365926,Murah
PROP0377,Jakarta Selatan,105.3,5,4.0,0.0,2325599421,Mahal
PROP0315,Jakarta Utara,97.9,4,3.0,3.0,1703340239,Mahal
PROP0443,Bogor,152.1,5,5.0,4.0,1568222599,Mahal
PROP0320,Tangerang,81.2,4,4.0,8.0,1222777333,Mahal
PROP0968,Tangerang,226.1,2,2.0,16.0,2473974862,Mahal
PROP0820,Depok,152.5,5,5.0,25.0,1548866526,Mahal
PROP1444,Bekasi,98.1,3,2.0,39.0,756488208,Murah
PROP0425,Bogor,137.6 m2,4,3.0,13.0,1068478776,Murah
PROP0554,Depok,89.5 m2,1,1.0,18.0,830964258,Murah
PROP0595,Depok,66.2 m2,5,4.0,32.0,741641073,Murah
PROP0924,Depok,78.1,4,4.0,6.0,1119419891,Murah
PROP0673,Jakarta Selatan,191.4,4,3.0,19.0,3274706495,Mahal
PROP1365,Depok,64.7,5,4.0,24.0,735330388,Murah
PROP1244,Tangerang,122.6 m2,2,1.0,23.0,1416139262,Mahal
PROP1366,Depok,131.3,1,1.0,3.0,1447869059,Mahal
PROP0228,Depok,145.8,5,4.0,32.0,1517051696,Mahal
PROP0737,Bekasi,120.2,4,3.0,22.0,1182356853,Murah
PROP1252,Jakarta Selatan,54.2 m2,4,3.0,34.0,842435662,Murah
PROP1010,Depok,238.8 m2,1,1.0,24.0,2092115740,Mahal
PROP0711,Depok,65.5,2,2.0,0.0,778392474,Murah
PROP0067,Jakarta Selatan,32.7,3,3.0,13.0,649459384,Murah
PROP0394,Tangerang,134.2,4,3.0,0.0,1696412258,Mahal
PROP0580,Bogor,235.0,5,5.0,22.0,1923112686,Mahal
PROP1230,Depok,82.1,3,2.0,20.0,844031679,Murah
PROP0212,Bogor,179.6,5,5.0,34.0,1380515003,Mahal
PROP1363,Bekasi,85.2,2,1.0,14.0,625902859,Murah
PROP0808,Jakarta Utara,69.5,3,3.0,17.0,1056121270,Murah
PROP0537,Bekasi,139.9,3,2.0,29.0,1182070208,Murah
PROP1049,Bogor,53.1,2,2.0,24.0,364593115,Murah
PROP1349,Tangerang,30.0,5,4.0,16.0,620965467,Murah
PROP0086,Jakarta Selatan,174.5,5,5.0,22.0,3240466744,Mahal
PROP1379,Depok,190.2,4,3.0,22.0,1964571870,Mahal
PROP0273,Bekasi,65.1 m2,3,2.0,21.0,607788248,Murah
PROP0980,Tangerang,74.0 m2,4,4.0,32.0,811871568,Murah
PROP0683,Jakarta Utara,172.7,3,2.0,25.0,2298371568,Mahal
PROP1380,Jakarta Selatan,173.7,2,2.0,24.0,2955082757,Mahal
PROP0631,Jak. Utara,130.0 m2,3,3.0,38.0,1674594919,Mahal
PROP1050,Bogor,158.5 m2,1,1.0,11.0,1340625127,Mahal
PROP1429,Bekasi,99.7,4,3.0,32.0,982563512,Murah
PROP0506,Depok,75.5,2,2.0,26.0,595016174,Murah
PROP0274,Depok,95.4,1,1.0,21.0,716416805,Murah
PROP0745,Tangerang,93.5,3,2.0,36.0,994496115,Murah
PROP0363,Bogor,147.8,3,3.0,12.0,1361608878,Mahal
PROP0623,Bekasi,111.1,1,1.0,18.0,871051156,Murah
PROP0003,Bekasi,212.3,2,1.0,3.0,1949537978,Mahal
PROP0007,Jakarta Selatan,148.2,5,4.0,8.0,3051362133,Mahal
PROP0312,Tangerang,154.3 m2,3,3.0,26.0,1578727629,Mahal
PROP1109,Bogor,30.0,3,2.0,37.0,200000000,Murah
PROP0666,Bogor,30.0 m2,3,3.0,37.0,200000000,Murah
PROP0969,Jakarta Selatan,164.2,3,3.0,28.0,2739104634,Mahal
PROP0942,Bogor,178.9 m2,2,2.0,18.0,1530000615,Mahal
PROP0216,Tangerang,126.9,5,5.0,28.0,1437863246,Mahal
PROP0706,Tangerang,30.0,4,3.0,29.0,281928955,Murah
PROP0028,Jakarta Selatan,176.0,4,4.0,1.0,3433638624,Mahal
PROP1114,Depok,68.2,4,3.0,21.0,625019290,Murah
PROP1165,Depok,30.0,4,4.0,35.0,243853512,Murah
PROP1035,Bekasi,116.8,1,1.0,34.0,829456342,Murah
PROP0639,Depok,30.0,2,1.0,30.0,200000000,Murah
PROP0775,Bogor,72.4 m2,5,4.0,16.0,708726335,Murah
PROP1334,Tangerang,169.6 m2,5,5.0,36.0,1858581419,Mahal
PROP0625,Jakarta Selatan,106.7,1,1.0,5.0,1863594104,Mahal
PROP1261,Jakarta Utara,146.4 m2,5,4.0,7.0,2330712971,Mahal
PROP0257,Depok,124.4,1,1.0,39.0,1016833920,Murah
PROP0026,Depok,198.0 m2,4,,36.0,1887405524,Mahal
PROP0337,Jakarta Selatan,30.0,1,1.0,8.0,519640842,Murah
PROP0573,jakarta selatan,128.1,4,4.0,22.0,2291279911,Mahal
PROP0048,Bekasi,55.3 m2,5,4.0,11.0,873566649,Murah
PROP0107,Bogor,132.8 m2,4,3.0,10.0,1169669222,Murah
PROP0350,Bogor,160.5 m2,4,3.0,23.0,1406476646,Mahal
PROP0056,Depok,185.7,3,3.0,37.0,1698427456,Mahal
PROP1327,Bekasi,30.0,4,4.0,25.0,316818436,Murah
PROP0214,Depok,97.3,2,1.0,21.0,821458207,Murah
PROP0121,Tangerang,118.2 m2,4,3.0,2.0,1674183435,Mahal
PROP0899,Tangerang,30.0,1,1.0,2.0,334743615,Murah
PROP0758,Tangerang,117.3,5,5.0,28.0,1516275222,Mahal
PROP0073,Bogor,119.8,2,2.0,33.0,952749266,Murah
PROP0250,Tangerang,120.7,2,1.0,17.0,1238887223,Mahal
PROP1385,Bekasi,137.2,4,3.0,32.0,1232449064,Mahal
PROP0046,Jakarta Selatan,145.1 m2,4,4.0,11.0,2897195323,Mahal
PROP1343,Jakarta Utara,161.7,3,3.0,33.0,2162002468,Mahal
PROP0524,Jakarta Utara,165.3,5,5.0,23.0,2405968386,Mahal
PROP1471,Bogor,48.2,5,4.0,8.0,379465234,Murah
PROP0817,Bekasi,130.1,4,3.0,11.0,1412693300,Mahal
PROP0893,Bekasi,113.0,4,4.0,2.0,1249199832,Mahal
PROP0821,Bekasi,153.3 m2,1,1.0,21.0,1386138762,Mahal
PROP0534,Tangerang,162.6 m2,1,1.0,8.0,1690858028,Mahal
PROP1160,Bekasi,161.3,1,1.0,13.0,1434775673,Mahal
PROP0604,Jakarta Utara,128.9 m2,4,4.0,33.0,1727918432,Mahal
PROP0466,Depok,169.4,4,4.0,25.0,1817841095,Mahal
PROP1112,BEKASI,234.4 m2,1,1.0,17.0,2116420554,Mahal
PROP1306,Bogor,148.4,2,1.0,2.0,1097070767,Murah
PROP0803,Tangerang,105.5,3,3.0,9.0,1264635990,Mahal
PROP1048,Tangerang,59.2,4,4.0,6.0,927042514,Murah
PROP0061,Jakarta Utara,63.1 m2,4,3.0,19.0,995140413,Murah
PROP0916,Tangerang,246.2,3,3.0,21.0,2675736134,Mahal
PROP0093,Tangerang,69.3,3,2.0,30.0,603952980,Murah
PROP0667,Jakarta Selatan,169.5,2,2.0,14.0,2879759016,Mahal
PROP0728,Tangerang,163.8,5,4.0,22.0,2008505315,Mahal
PROP0195,Bogor,99.7,4,4.0,14.0,966226430,Murah
PROP0281,Depok,30.0,4,3.0,38.0,236843539,Murah
PROP0696,Jakarta Utara,185.1,4,4.0,12.0,2710103274,Mahal
PROP0360,Jakarta Utara,126.7 m2,2,2.0,34.0,1343560534,Mahal
PROP0520,Bogor,30.0,5,4.0,21.0,395851241,Murah
PROP0840,Bekasi,168.7 m2,2,2.0,16.0,1322877303,Mahal
PROP0794,Bogor,99.9 m2,3,3.0,35.0,667966528,Murah
PROP0183,Bogor,164.6,5,5.0,28.0,1300158373,Mahal
PROP0705,Bogor,179.7,5,5.0,0.0,1688131559,Mahal
PROP0111,Bogor,297.7 m2,2,1.0,34.0,2222459748,Mahal
PROP0043,Tangerang,50.4,5,5.0,20.0,744816743,Murah
PROP0945,Tangerang,100.9,5,5.0,17.0,1238246002,Mahal
PROP0205,Jakarta Selatan,48.7,5,5.0,0.0,1410117789,Mahal
PROP1075,Tangerang,30.0,1,1.0,14.0,267583381,Murah
PROP0053,Bogor,297.2 m2,1,1.0,17.0,2302140913,Mahal
PROP0546,Jakarta Utara,170.2,3,3.0,35.0,2159785021,Mahal
PROP1023,Jakarta Selatan,108.8,1,1.0,32.0,1435527187,Mahal
PROP0925,Bogor,55.2 m2,1,1.0,27.0,332159345,Murah
PROP1024,Bekasi,162.4,2,1.0,31.0,1317326488,Mahal
PROP0778,Jakarta Utara,58.3,1,1.0,38.0,462768906,Murah
PROP0184,Bekasi,192.5,5,5.0,2.0,1897277763,Mahal
PROP0138,Jakarta Utara,53.9 m2,1,1.0,10.0,644079001,Murah
PROP1002,Jakarta Selatan,46.6,3,2.0,37.0,694437308,Murah
PROP0081,Jakarta Selatan,104.6,3,2.0,20.0,1766895851,Mahal
PROP0710,Tangerang,118.7 m2,2,1.0,31.0,1072630570,Murah
PROP0106,Jakarta Selatan,102.1,3,3.0,22.0,1774215921,Mahal
PROP0542,Bogor,30.0,2,1.0,33.0,200000000,Murah
PROP1092,Depok,96.3,3,3.0,3.0,1231015955,Mahal
PROP0481,Jakarta Utara,105.5,1,1.0,16.0,1353242995,Mahal
PROP0166,Depok,48.1,3,3.0,36.0,206609660,Murah
PROP0249,Tangerang,61.6,1,1.0,0.0,775713763,Murah
PROP0308,Bogor,77.9 m2,5,5.0,28.0,698054144,Murah
PROP0447,Bogor,90.8,1,1.0,26.0,629757044,Murah
PROP0123,Depok,175.6,4,,18.0,1852397035,Mahal
PROP0335,Jakarta Utara,68.0 m2,1,1.0,33.0,625058699,Murah
PROP0098,Depok,166.1 m2,1,1.0,25.0,1387816661,Mahal
PROP1192,Bekasi,64.4,4,4.0,27.0,592066100,Murah
PROP0738,Depok,30.0 m2,3,2.0,37.0,257118524,Murah
PROP0907,Bogor,93.7,3,2.0,17.0,732862152,Murah
PROP0865,Depok,102.7,4,4.0,12.0,1016533176,Murah
PROP1356,Bekasi,106.8 m2,2,2.0,23.0,888509004,Murah
PROP0103,Jakarta Selatan,143.3,5,4.0,5.0,3024958149,Mahal
PROP0435,Tangerang,124.0 m2,2,2.0,17.0,1521267308,Mahal
PROP0075,Bekasi,210.0,5,5.0,39.0,1978257312,Mahal
PROP1473,Jakarta Selatan,109.0,3,2.0,18.0,1986660001,Mahal
PROP0906,Bogor,82.6 m2,1,1.0,3.0,695618242,Murah
PROP1389,Depok,139.8,4,3.0,20.0,1587344222,Mahal
PROP0303,Jakarta Selatan,50.2,2,2.0,36.0,557721301,Murah
PROP1322,Tangerang,160.4,2,2.0,21.0,1759696634,Mahal
PROP1291,Tangerang,30.0,2,1.0,20.0,488948755,Murah
PROP1250,Jakarta Utara,79.7 m2,5,4.0,34.0,1206107252,Mahal
PROP0763,Jakarta Selatan,126.7,3,2.0,29.0,2009811437,Mahal
PROP0734,Jakarta Selatan,92.3 m2,1,1.0,29.0,1227607168,Mahal
PROP0389,Depok,145.7,3,3.0,36.0,1141261504,Murah
PROP0236,Tangerang,87.7,1,1.0,6.0,876078267,Murah
PROP1273,Tangerang,203.1 m2,4,3.0,32.0,2206357597,Mahal
PROP0268,jakarta selatan,72.4 m2,4,4.0,18.0,1264732361,Mahal
PROP0306,Bekasi,77.4,4,3.0,20.0,721825609,Murah
PROP1229,Jakarta Selatan,127.7,1,1.0,27.0,1912312422,Mahal
PROP0118,Jakarta Selatan,199.9,3,3.0,39.0,3247539036,Mahal
PROP1238,Jak. Utara,143.7,5,5.0,7.0,2244227046,Mahal
PROP0674,Depok,152.0,4,4.0,21.0,1547176599,Mahal
PROP0250,Tangerang,120.7,2,1.0,17.0,1238887223,Mahal
PROP1113,Bogor,114.3,5,4.0,17.0,1067793204,Murah
PROP1097,Bekasi,188.1 m2,4,3.0,31.0,1769161541,Mahal
PROP0072,Jakarta Selatan,170.3,4,4.0,17.0,3039909700,Mahal
PROP0095,Bekasi,161.5,2,1.0,18.0,1365068215,Mahal
PROP0953,Depok,30.0,3,2.0,38.0,200000000,Murah
PROP0034,Jakarta Selatan,120.3 m2,2,1.0,24.0,1908976278,Mahal
PROP1121,Bogor,30.0,4,4.0,10.0,399728957,Murah
PROP0449,Jakarta Selatan,30.0,3,2.0,26.0,500278241,Murah
PROP0446,Bogor,30.0,1,1.0,13.0,366029651,Murah
PROP0772,Jakarta Selatan,108.2,2,2.0,3.0,2014701085,Mahal
PROP0717,Jakarta Utara,77.1,3,2.0,24.0,1014271514,Murah
PROP0917,Bekasi,76.1 m2,3,3.0,38.0,586324635,Murah
PROP1304,Jakarta Utara,164.8,4,4.0,23.0,2369255873,Mahal
PROP0931,Depok,188.6 m2,5,4.0,34.0,1986574696,Mahal
PROP1470,Jakarta Utara,133.7,5,4.0,1.0,2359334477,Mahal
PROP0078,Depok,118.6,2,1.0,35.0,1025821179,Murah
PROP0085,Bekasi,126.0,5,,21.0,1339026572,Mahal
PROP0863,Bekasi,30.0,5,5.0,30.0,200000000,Murah
PROP0083,Jakarta Selatan,213.7 m2,4,3.0,9.0,3858768086,Mahal
PROP0458,Bekasi,91.7,4,3.0,27.0,831209556,Murah
PROP0949,Jakarta Selatan,180.1,1,1.0,21.0,2841176858,Mahal
PROP0677,Jakarta Utara,86.2 m2,4,3.0,14.0,1334469648,Mahal
PROP1282,Jakarta Utara,91.0 m2,4,3.0,32.0,1184219492,Murah
PROP1095,Jakarta Selatan,38.3,5,4.0,33.0,687179081,Murah
PROP0437,Tangerang,159.2,4,3.0,3.0,1976271516,Mahal
PROP0771,Tangerang,114.9 m2,3,3.0,1.0,1321142279,Mahal
PROP0645,Jakarta Utara,58.7 m2,5,4.0,30.0,742035570,Murah
PROP1459,Depok,173.4 m2,2,1.0,34.0,1651549854,Mahal
PROP1141,Bogor,117.5,4,4.0,1.0,1170055057,Murah
PROP1372,Depok,62.1,4,4.0,16.0,769947461,Murah
PROP0405,Tangerang,115.6,5,4.0,19.0,1484761021,Mahal
PROP1332,Jakarta Selatan,140.5,5,4.0,31.0,2489843964,Mahal
PROP0964,Tangerang,99.1,2,2.0,31.0,902384111,Murah
PROP1062,Depok,54.8,3,3.0,36.0,509347715,Murah
PROP0105,Depok,82.0,4,3.0,35.0,794040712,Murah
PROP0610,tangerang,114.6,1,1.0,2.0,1333531949,Mahal
PROP0860,Bogor,193.4,2,1.0,19.0,1491492198,Mahal
PROP0689,Jakarta Utara,107.7,3,3.0,0.0,1638693065,Mahal
PROP0979,Jakarta Utara,30.0,2,1.0,14.0,576438569,Murah
PROP0827,Bekasi,176.4,1,1.0,1.0,1695280196,Mahal
PROP1377,Jakarta Selatan,185.0,5,5.0,36.0,3127982566,Mahal
PROP0063,Jakarta Utara,123.4,1,1.0,23.0,1433237972,Mahal
PROP0282,Bogor,185.0,5,5.0,37.0,1506169790,Mahal
PROP0779,Jakarta Utara,49.7 m2,3,2.0,22.0,741242442,Murah
PROP1034,Bekasi,121.0,1,1.0,22.0,1001416675,Murah
PROP0239,Bekasi,119.9,3,,38.0,1018826709,Murah
PROP0224,Jakarta Utara,100.0,2,2.0,31.0,1131050601,Murah
PROP0146,Bogor,113.7,5,4.0,14.0,927127789,Murah
PROP1428,Jakarta Selatan,140.4 m2,3,2.0,24.0,2397144760,Mahal
PROP0374,Bekasi,145.7,1,1.0,11.0,1271168139,Mahal
PROP1362,Tangerang,43.3,1,1.0,14.0,370059217,Murah
PROP0119,Tangerang,64.7 m2,3,3.0,19.0,773189130,Murah
PROP1150,Bekasi,129.1,5,5.0,7.0,1243669293,Mahal
PROP0251,Tangerang,162.8,1,1.0,32.0,1417414805,Mahal
PROP1475,Jakarta Selatan,110.3,1,1.0,19.0,1694347879,Mahal
PROP1235,Bekasi,55.1,4,3.0,6.0,732049862,Murah
PROP0922,Depok,110.5 m2,5,5.0,28.0,1124756023,Murah
PROP0010,Jakarta Utara,53.5 m2,3,3.0,21.0,873657557,Murah
PROP0450,Bekasi,221.6,4,4.0,1.0,2304386013,Mahal
PROP0989,Jakarta Selatan,56.3 m2,1,1.0,28.0,762945270,Murah
PROP0709,Depok,176.4,4,4.0,,1731487805,Mahal
PROP0256,Tangerang,123.5,5,4.0,25.0,1465399249,Mahal
PROP0594,Bekasi,130.3,1,1.0,34.0,953663697,Murah
PROP0390,Bogor,120.9 m2,1,1.0,34.0,803763379,Murah
PROP0988,Bekasi,30.0,1,1.0,32.0,200000000,Murah
PROP1227,Bogor,151.1 m2,4,3.0,28.0,1302533367,Mahal
PROP0558,Depok,55.1,3,2.0,38.0,463139780,Murah
PROP1316,Tangerang,124.1,1,1.0,37.0,1164048528,Murah
PROP0868,Bekasi,230.5,2,2.0,7.0,2150416696,Mahal
PROP0461,Jakarta Selatan,117.2,5,4.0,10.0,2451687007,Mahal
PROP0724,Bogor,66.4,3,3.0,21.0,525524924,Murah
PROP1411,Bekasi,162.7 m2,1,1.0,38.0,1330902650,Mahal
PROP0145,Jakarta Selatan,108.8,2,2.0,29.0,1584671828,Mahal
PROP0502,Bogor,131.5 m2,2,2.0,7.0,1179904301,Murah
PROP1119,tangerang,198.6,2,1.0,28.0,1944723114,Mahal
PROP0740,tangerang,122.5,5,5.0,21.0,1510941086,Mahal
PROP1457,Depok,143.6 m2,4,3.0,25.0,1503337130,Mahal
PROP0732,Depok,153.2,2,1.0,38.0,1244638873,Mahal
PROP0540,tangerang,121.7 m2,1,1.0,3.0,1390436670,Mahal
PROP0178,Bogor,180.9,2,2.0,39.0,1295023939,Mahal
PROP1477,Depok,101.3,2,1.0,30.0,790107818,Murah
PROP0698,Tangerang,119.0,1,1.0,9.0,1211135748,Mahal
PROP0971,Bekasi,173.7,1,1.0,21.0,1540217165,Mahal
PROP1066,Bekasi,124.1,4,4.0,22.0,1177799824,Murah
PROP0905,Bekasi,123.2 m2,1,1.0,25.0,1018745886,Murah
PROP1301,Bogor,70.8,3,3.0,11.0,684621460,Murah
PROP0306,Bekasi,77.4,4,3.0,20.0,721825609,Murah
PROP0008,Depok,69.3 m2,4,3.0,25.0,662334202,Murah
PROP1387,Bogor,87.4 m2,5,5.0,3.0,906986137,Murah
PROP0668,Bogor,77.0,3,,3.0,757215542,Murah
PROP1203,Jakarta Selatan,119.5,2,1.0,1.0,2335379112,Mahal
PROP0358,Bekasi,230.1,4,3.0,9.0,2101500463,Mahal
PROP0784,Bekasi,99.0,2,1.0,25.0,780416769,Murah
PROP0736,Jakarta Utara,176.4 m2,1,1.0,16.0,2116822866,Mahal
PROP0330,Jakarta Utara,72.6,4,3.0,38.0,855417360,Murah
PROP1407,Jakarta Utara,198.8,1,1.0,39.0,2238080569,Mahal
PROP1173,Tangerang,43.0,4,3.0,36.0,388851053,Murah
PROP1325,Depok,152.1,3,3.0,11.0,1770109519,Mahal
PROP0259,Bogor,55.8 m2,2,2.0,15.0,540119634,Murah
PROP0910,Bogor,89.6,5,5.0,16.0,889418319,Murah
PROP1200,Bekasi,82.9 m2,3,3.0,9.0,958726195,Murah
PROP0373,Bogor,67.1,1,1.0,19.0,516189272,Murah
PROP1125,Jakarta Utara,123.2,4,4.0,17.0,1758992486,Mahal
PROP1467,Bekasi,128.3,3,3.0,24.0,1075741593,Murah
PROP0143,Tangerang,37.1,3,2.0,13.0,501976538,Murah
PROP0526,Bekasi,146.7,1,,5.0,1373190399,Mahal
PROP1161,Jakarta Selatan,92.9,5,5.0,9.0,2041564268,Mahal
PROP0233,Depok,165.7,1,1.0,18.0,1559432682,Mahal
PROP1272,Bogor,131.7,3,2.0,2.0,1094598663,Murah
PROP1453,Tangerang,164.0,1,1.0,32.0,1490544089,Mahal
PROP0441,Jakarta Selatan,88.3 m2,4,4.0,38.0,1486074781,Mahal
PROP0532,Tangerang,152.8,2,2.0,15.0,1559565359,Mahal
PROP1228,Bogor,97.5,1,1.0,,564983901,Murah
PROP0227,Tangerang,206.0,2,2.0,37.0,1959102278,Mahal
PROP1053,Tangerang,92.3,4,3.0,21.0,960565637,Murah
PROP0229,Jakarta Utara,167.4,2,1.0,4.0,2448293132,Mahal
PROP1308,Tangerang,105.0,3,2.0,26.0,1155370434,Murah
PROP1326,Depok,122.9,2,2.0,4.0,1391577495,Mahal
PROP0213,Bogor,101.4 m2,1,1.0,28.0,533628418,Murah
PROP0886,Jakarta Selatan,179.7 m2,1,1.0,38.0,2669238709,Mahal
PROP0080,Jakarta Utara,74.4,1,1.0,2.0,1160363544,Murah
PROP0149,Jakarta Utara,69.8,1,1.0,,881583050,Murah
PROP0815,Bogor,139.2,5,4.0,27.0,1253074458,Mahal
PROP0934,Bogor,169.1,1,1.0,6.0,1457173168,Mahal
PROP0943,Jakarta Selatan,193.9 m2,4,4.0,2.0,3701644834,Mahal
PROP0672,Depok,156.2 m2,5,4.0,0.0,1846712490,Mahal
PROP1180,Bekasi,165.6,5,4.0,28.0,1481515104,Mahal
PROP0556,Jakarta Utara,128.5,5,4.0,2.0,2131232505,Mahal
PROP0938,Depok,130.8 m2,1,1.0,20.0,1188893354,Mahal
PROP0134,Bogor,166.7,4,3.0,39.0,1257202593,Mahal
PROP1266,Tangerang,83.6,5,5.0,33.0,947895644,Murah
PROP0824,Jakarta Utara,193.2 m2,4,4.0,29.0,2641497813,Mahal
PROP0409,Bogor,132.0,5,4.0,10.0,1301946097,Mahal
PROP0369,Jakarta Utara,125.4,1,1.0,26.0,1599385311,Mahal
PROP0508,Bogor,116.1 m2,2,2.0,35.0,780743606,Murah
PROP1207,Jakarta Selatan,181.3 m2,3,2.0,30.0,3032679277,Mahal
PROP0505,Jakarta Selatan,187.2 m2,1,1.0,1.0,3288914087,Mahal
PROP1361,Bekasi,88.6 m2,1,1.0,25.0,424184239,Murah
PROP0348,Bogor,54.9 m2,2,2.0,7.0,406002996,Murah
PROP0387,Depok,63.1,1,1.0,4.0,567576521,Murah
PROP0001,Bogor,74.0 m2,5,5.0,9.0,728961413,Murah
PROP0361,Jakarta Utara,77.7,4,4.0,24.0,1286503384,Mahal
PROP0895,Jakarta Selatan,59.6,1,1.0,3.0,1085920359,Murah
PROP0829,Tangerang,141.6,5,5.0,23.0,1714401563,Mahal
PROP1445,Bekasi,96.8 m2,3,2.0,14.0,905725636,Murah
PROP0476,Bekasi,90.7 m2,2,1.0,39.0,633617463,Murah
PROP1309,Depok,170.1,1,1.0,16.0,1647932867,Mahal
PROP0058,Tangerang,97.7 m2,3,3.0,19.0,1023591071,Murah
PROP0638,Bogor,44.7,2,,28.0,269587024,Murah
PROP1335,Bekasi,122.6,2,1.0,37.0,908414622,Murah
PROP1220,Bogor,156.0,2,2.0,22.0,1132526922,Murah
PROP0984,Tangerang,86.8,2,,0.0,1075910894,Murah
PROP0173,BEKASI,75.2,5,5.0,31.0,755367525,Murah
PROP0451,Bekasi,163.3 m2,2,1.0,18.0,1452952610,Mahal
PROP0126,Depok,128.1,3,2.0,14.0,1302327207,Mahal
PROP1011,Jakarta Selatan,138.9,3,2.0,23.0,2428252880,Mahal
PROP0531,Tangerang,134.2 m2,2,1.0,7.0,1605264342,Mahal
PROP0858,Bogor,47.6,3,3.0,4.0,420237143,Murah
PROP0714,Jakarta Utara,149.0 m2,1,1.0,1.0,2218302380,Mahal
PROP0091,Bogor,187.0 m2,4,4.0,12.0,1747182150,Mahal
PROP1481,Bekasi,37.0,1,1.0,13.0,284513924,Murah
PROP0182,Jakarta Utara,181.8 m2,2,2.0,10.0,2594040240,Mahal
PROP0876,Jakarta Utara,155.3 m2,1,1.0,24.0,1760778791,Mahal
PROP1032,Bogor,124.9 m2,1,1.0,34.0,897014065,Murah
PROP0787,Jakarta Utara,30.0,2,1.0,9.0,434120581,Murah
PROP0415,Jakarta Selatan,144.7,4,3.0,38.0,2292011780,Mahal
PROP0252,Depok,30.0,3,3.0,14.0,289153195,Murah
PROP0070,Jakarta Selatan,118.9 m2,3,3.0,3.0,2280250973,Mahal
PROP0804,Depok,66.5 m2,2,1.0,26.0,630306902,Murah
PROP0132,Bekasi,154.9,5,4.0,27.0,1422432302,Mahal
PROP0301,Jakarta Utara,121.4,1,1.0,35.0,1381229721,Mahal
PROP1042,Bekasi,180.9,1,1.0,0.0,1904388662,Mahal
PROP0327,Bogor,159.1,1,1.0,27.0,986065191,Murah
PROP1495,Bogor,142.7,1,1.0,8.0,800000000000,Murah
PROP1135,Jakarta Utara,63.6,2,2.0,39.0,531307562,Murah
PROP0500,Depok,69.8 m2,5,4.0,17.0,793737267,Murah
PROP0342,Depok,50.0,1,1.0,32.0,293865155,Murah
PROP0833,Jakarta Selatan,119.6 m2,2,1.0,7.0,2220893525,Mahal
PROP0365,Tangerang,77.0 m2,5,4.0,38.0,844363025,Murah
PROP0496,Jakarta Selatan,90.2,5,5.0,33.0,1706183466,Mahal
PROP1424,Jakarta Utara,50.2 m2,3,2.0,3.0,1077270764,Murah
PROP0339,Jakarta Utara,188.6,1,1.0,5.0,2553430225,Mahal
PROP0422,Bekasi,71.4,3,2.0,29.0,628171184,Murah
PROP0165,Jakarta Selatan,140.5,1,1.0,4.0,2477610763,Mahal
PROP0029,Bogor,105.8,1,1.0,11.0,1008531512,Murah
PROP0517,Jakarta Selatan,123.3 m2,4,3.0,13.0,2374103011,Mahal
PROP0194,Jakarta Utara,54.1 m2,3,2.0,28.0,634319303,Murah
PROP1157,Bogor,30.0,4,4.0,26.0,364536255,Murah
PROP1468,Jakarta Selatan,143.8,5,5.0,,2400659772,Mahal
PROP0946,Bekasi,157.0,3,2.0,,1449769081,Mahal
PROP1390,Jakarta Selatan,173.9,3,3.0,6.0,3055408386,Mahal
PROP0170,Jakarta Utara,109.7,3,2.0,2.0,1824352686,Mahal
PROP0168,Jakarta Selatan,58.1,4,3.0,29.0,1042729703,Murah
PROP0653,Jakarta Selatan,153.0,2,1.0,12.0,2518151452,Mahal
PROP0174,Jakarta Utara,130.9,2,2.0,26.0,1552779702,Mahal
PROP0519,Depok,79.4,1,1.0,24.0,702897857,Murah
PROP1240,Jakarta Selatan,117.8,5,4.0,20.0,2340160344,Mahal
PROP1206,Jakarta Utara,155.7,4,4.0,8.0,2309279285,Mahal
PROP0913,Bekasi,170.1,4,3.0,11.0,900000000000,Mahal
PROP0492,Tangerang,125.9,2,1.0,24.0,1345075633,Mahal
PROP0954,Bogor,153.1 m2,3,2.0,26.0,1268196556,Mahal
PROP0074,Jakarta Selatan,143.8 m2,1,1.0,17.0,2369581928,Mahal
PROP1281,Jakarta Utara,32.4,4,3.0,27.0,426883982,Murah
PROP0588,Depok,118.6,2,1.0,24.0,1102163712,Murah
PROP0751,Bekasi,121.9,4,3.0,16.0,1195670555,Mahal
PROP0658,Tangerang,203.9,3,2.0,31.0,2133650910,Mahal
PROP0843,Tangerang,30.0,2,2.0,,200000000,Murah
PROP0235,Jak. Utara,285.7,2,1.0,33.0,3649671446,Mahal
PROP0733,Jakarta Utara,117.9,3,3.0,0.0,1914332793,Mahal
PROP0215,Jakarta Utara,141.8,4,3.0,15.0,2032346945,Mahal
PROP0163,Tangerang,154.2,4,3.0,29.0,1713083048,Mahal
PROP0133,Depok,186.4 m2,4,3.0,26.0,1900421393,Mahal
PROP1126,Tangerang,154.8,2,2.0,15.0,1680863711,Mahal
PROP0223,Jakarta Utara,169.6 m2,2,2.0,35.0,2117794837,Mahal
PROP1254,Jakarta Utara,200.5 m2,5,4.0,30.0,2810754218,Mahal
PROP0935,Tangerang,160.0,2,2.0,17.0,1617352399,Mahal
PROP0186,Bogor,152.8,5,5.0,31.0,1399969394,Mahal
PROP0042,Bekasi,30.0,2,2.0,17.0,200000000,Murah
PROP0693,Bekasi,78.1,1,1.0,1.0,774386809,Murah
PROP0109,Jakarta Selatan,35.8 m2,2,2.0,18.0,510850077,Murah
PROP0039,Bekasi,59.4,1,1.0,35.0,470976278,Murah
PROP0569,Tangerang,117.2,2,1.0,37.0,1072157647,Murah
PROP1025,Tangerang,189.8,5,4.0,22.0,2149472248,Mahal
PROP1446,Bogor,241.3,3,3.0,29.0,1940027978,Mahal
PROP1472,Bogor,61.6 m2,1,1.0,,299377130,Murah
PROP0484,Bogor,163.3 m2,5,4.0,12.0,1455190978,Mahal
PROP0469,Depok,152.9 m2,1,1.0,37.0,1343579052,Mahal
PROP0891,Jakarta Utara,96.2,1,1.0,3.0,1435736956,Mahal
PROP0948,Depok,89.3,1,1.0,20.0,720584971,Murah
PROP0025,Tangerang,73.0,4,3.0,25.0,828484023,Murah
PROP1033,Bogor,138.5 m2,4,3.0,20.0,1164587638,Murah
PROP1218,Bekasi,44.4,4,3.0,34.0,282075479,Murah
PROP0069,Jakarta Utara,108.5,2,2.0,,1368034728,Mahal
PROP0885,Jakarta Utara,145.1,1,1.0,12.0,1985156158,Mahal
PROP1293,Bogor,72.3 m2,1,1.0,8.0,560796564,Murah
PROP0851,Bogor,130.1,5,4.0,12.0,1205535988,Mahal
PROP0735,Depok,151.3,2,1.0,27.0,1422771668,Mahal
PROP0718,Bogor,40.2,1,1.0,35.0,200000000,Murah
PROP0455,Bogor,54.6 m2,3,3.0,7.0,487977191,Murah
PROP0265,Jakarta Utara,89.7,4,4.0,29.0,1321892951,Mahal
PROP0076,Jakarta Selatan,163.2,4,3.0,30.0,2905989591,Mahal
PROP0445,Bogor,157.8,2,2.0,27.0,1173224229,Murah
PROP0396,Tangerang,71.6,4,4.0,29.0,783473033,Murah
PROP0177,Bogor,133.5,2,1.0,2.0,1230342947,Mahal
PROP1339,Bekasi,30.0,3,3.0,1.0,409502699,Murah
PROP1313,Tangerang,140.8 m2,3,3.0,26.0,1454602854,Mahal
PROP1056,Tangerang,152.8,5,,10.0,1915999570,Mahal
PROP0596,Depok,119.8,1,1.0,20.0,1034129271,Murah
PROP0062,Bekasi,30.0,2,1.0,11.0,344169567,Murah
PROP0873,Tangerang,46.7,3,3.0,23.0,505996062,Murah
PROP1143,Depok,75.5 m2,3,2.0,16.0,751994251,Murah
PROP1436,Jak. Utara,105.7 m2,3,3.0,30.0,1372631303,Mahal
PROP0279,tangerang,60.1,1,1.0,38.0,287844608,Murah
PROP0037,Bogor,178.0 m2,3,2.0,37.0,1405358773,Mahal
PROP0663,Bogor,71.2,4,3.0,18.0,773748119,Murah
PROP1381,Jakarta Selatan,90.8 m2,5,5.0,24.0,1682976650,Mahal
PROP1107,Bogor,104.4,4,3.0,3.0,1005461257,Murah
PROP0978,Jakarta Selatan,99.5,1,1.0,38.0,1259065601,Mahal
PROP0739,Jakarta Utara,116.6,3,2.0,23.0,1425901846,Mahal
PROP0192,Jakarta Utara,30.0,3,2.0,,476827847,Murah
PROP0920,Bogor,78.1 m2,1,1.0,15.0,484829125,Murah
PROP0457,Jakarta Utara,30.0,4,3.0,39.0,418441602,Murah
PROP0676,Tangerang,131.3,4,3.0,0.0,1519807276,Mahal
PROP0761,Depok,65.9,2,2.0,29.0,621991090,Murah
PROP1382,Bogor,135.0 m2,1,1.0,2.0,1273664129,Mahal
PROP0729,Tangerang,201.5,4,4.0,22.0,2256505337,Mahal
PROP0413,Jakarta Selatan,64.7,4,4.0,18.0,1238935247,Mahal
PROP0826,Bekasi,123.9 m2,4,4.0,5.0,1190739199,Mahal
PROP0617,Jakarta Selatan,30.0,4,4.0,14.0,678625627,Murah
PROP0115,Tangerang,81.0,4,4.0,35.0,854817005,Murah
PROP0418,Tangerang,120.1,3,2.0,9.0,1512059840,Mahal
PROP1458,Bogor,77.8 m2,4,4.0,18.0,788354572,Murah
PROP0970,Tangerang,141.7,1,1.0,26.0,1402752946,Mahal
PROP0605,jakarta selatan,81.5,5,5.0,31.0,1498522798,Mahal
PROP1464,Jakarta Utara,63.7,5,5.0,23.0,968375685,Murah
PROP0090,Bogor,132.4,4,3.0,39.0,1069482995,Murah
PROP0849,Depok,90.8 m2,3,3.0,2.0,1101933075,Murah
PROP1169,Bogor,111.2,3,3.0,9.0,919646561,Murah
PROP1463,Jakarta Utara,88.6,2,,11.0,1245372898,Mahal
PROP0754,Bekasi,30.9 m2,4,4.0,27.0,283951263,Murah
PROP0499,Depok,33.7,3,2.0,2.0,428494290,Murah
PROP0012,Jakarta Utara,46.4,1,1.0,32.0,371882376,Murah
PROP0397,Tangerang,74.5,5,5.0,25.0,979297351,Murah
PROP0285,Tangerang,121.0,5,5.0,23.0,1481630786,Mahal
PROP1067,Depok,114.4,3,2.0,0.0,1310845035,Mahal
PROP0691,Bekasi,110.0,4,3.0,3.0,1264836392,Mahal
PROP1280,Jakarta Utara,154.2 m2,5,4.0,24.0,2313889946,Mahal
PROP1433,Bogor,157.7 m2,3,2.0,12.0,1396811567,Mahal
PROP0690,Jakarta Selatan,55.3,5,4.0,6.0,1278179702,Mahal
PROP0852,Jakarta Selatan,116.7 m2,3,2.0,23.0,2009324776,Mahal
PROP0160,Tangerang,44.1,3,2.0,19.0,592247242,Murah
PROP0896,Depok,36.3,1,1.0,13.0,367792561,Murah
PROP1215,Jakarta Selatan,36.2 m2,4,3.0,24.0,714244693,Murah
PROP0258,Jakarta Utara,140.2,3,3.0,21.0,1917134374,Mahal
PROP0336,Depok,55.9,1,1.0,29.0,420334119,Murah
PROP1437,Bogor,76.8,4,4.0,1.0,786844614,Murah
PROP1040,Depok,118.9 m2,2,1.0,15.0,1142154334,Murah
PROP0516,Bekasi,130.7,2,2.0,22.0,1151332028,Murah
PROP1016,Jakarta Utara,103.6,2,2.0,14.0,1433504614,Mahal
PROP0769,Jakarta Utara,106.0,2,2.0,38.0,1026162952,Murah
PROP1345,Jakarta Utara,134.0 m2,3,2.0,12.0,1899149493,Mahal
PROP0762,Depok,139.8,4,4.0,,1482781768,Mahal
PROP0545,Bekasi,37.1,2,2.0,9.0,541173914,Murah
PROP0522,Jakarta Selatan,30.0,2,1.0,,711833149,Murah
PROP0023,Tangerang,30.0,3,2.0,22.0,360050497,Murah
PROP0357,Bekasi,149.3,4,4.0,15.0,1414199993,Mahal
PROP1300,Jakarta Selatan,106.9,5,4.0,26.0,1971651597,Mahal
PROP0341,Depok,133.1,3,2.0,14.0,1407322817,Mahal
PROP0432,Bogor,111.0 m2,5,5.0,29.0,923564882,Murah
PROP0474,Depok,77.8,5,5.0,35.0,717598727,Murah
PROP0218,Jakarta Utara,173.5,5,4.0,17.0,2544965900,Mahal
PROP0912,Bogor,165.7,2,2.0,2.0,1342084748,Mahal
PROP1231,Jakarta Selatan,70.1 m2,5,5.0,10.0,1541636185,Mahal
PROP1012,Tangerang,103.8,5,5.0,15.0,1433568839,Mahal
PROP1489,Jakarta Utara,74.0,3,3.0,30.0,975205552,Murah
PROP0094,Jakarta Selatan,106.0,1,1.0,27.0,1581863542,Mahal
PROP1009,Jakarta Utara,147.0 m2,3,2.0,12.0,2022529384,Mahal
PROP1071,Bogor,92.5,1,1.0,5.0,801905332,Murah
PROP1093,Bekasi,149.9,5,5.0,26.0,1443663160,Mahal
PROP0697,Bekasi,115.9,4,4.0,16.0,1049425120,Murah
PROP1371,Bogor,90.0,4,4.0,39.0,624367266,Murah
PROP0997,Bekasi,137.1 m2,1,1.0,36.0,1158909886,Murah
PROP0154,Tangerang,99.5 m2,2,1.0,29.0,910725872,Murah
PROP1100,Depok,97.6,3,3.0,6.0,1079520219,Murah
PROP1328,Jakarta Selatan,70.3,3,3.0,25.0,1231041292,Mahal
PROP0596,Depok,119.8,1,1.0,20.0,1034129271,Murah
PROP0790,Jakarta Selatan,73.1,1,1.0,29.0,1131193450,Murah
PROP0581,Bekasi,128.8,3,3.0,6.0,1410157408,Mahal
PROP0704,Depok,58.2 m2,3,2.0,28.0,559809390,Murah
PROP1287,Depok,81.7,5,5.0,36.0,938639362,Murah
PROP0488,Jakarta Utara,176.7,1,1.0,32.0,2052013337,Mahal
PROP0560,Jakarta Utara,95.2,3,2.0,20.0,1358039736,Mahal
PROP1120,Tangerang,30.0,4,3.0,15.0,467971141,Murah
PROP0802,Tangerang,210.6,3,2.0,15.0,2367248255,Mahal
PROP0513,Bekasi,115.9,5,4.0,23.0,1243986166,Mahal
PROP0634,Depok,74.3,5,4.0,16.0,913180978,Murah
PROP1132,Tangerang,57.8 m2,2,2.0,28.0,366140462,Murah
PROP1367,Depok,252.5,3,2.0,35.0,2405850641,Mahal
PROP0791,Jakarta Selatan,30.0 m2,4,3.0,10.0,857982027,Murah
PROP0117,Bogor,175.6 m2,1,1.0,31.0,1252404268,Mahal
PROP0741,Depok,252.2,2,1.0,4.0,2701311964,Mahal
PROP1082,Jakarta Selatan,30.0 m2,5,4.0,16.0,1002143788,Murah
PROP0831,Jakarta Utara,94.2,4,4.0,30.0,1226418031,Mahal
PROP0120,Jakarta Utara,78.8,1,1.0,21.0,991648379,Murah
PROP0657,Bogor,59.1,2,1.0,34.0,422890633,Murah
PROP1455,Jakarta Utara,51.2,2,2.0,9.0,701285909,Murah
PROP0636,Bogor,68.3,4,4.0,7.0,787401961,Murah
PROP0370,Depok,74.8,2,1.0,25.0,680201454,Murah
PROP0269,Jakarta Utara,156.2 m2,1,1.0,27.0,1823775242,Mahal
PROP0656,Jakarta Utara,192.3,2,2.0,33.0,2336252821,Mahal
PROP0936,Depok,153.5,4,4.0,24.0,1558466549,Mahal
PROP0823,Tangerang,30.0 m2,1,1.0,14.0,200000000,Murah
PROP0867,Jakarta Selatan,112.3,1,1.0,5.0,1910921564,Mahal
PROP0047,tangerang,61.2,2,2.0,10.0,695417346,Murah
PROP1319,Bogor,63.6 m2,3,3.0,31.0,514737533,Murah
PROP0992,Jakarta Utara,60.9,2,2.0,23.0,604485616,Murah
PROP0877,Bekasi,116.9,3,2.0,5.0,1100144874,Murah
PROP0774,Depok,190.1 m2,1,1.0,11.0,1798679144,Mahal
PROP0502,Bogor,131.5 m2,2,2.0,7.0,1179904301,Murah
PROP0005,Bogor,120.7,2,1.0,6.0,1165282144,Murah
PROP1004,Depok,246.3,4,3.0,38.0,2441138566,Mahal
PROP1330,Jakarta Utara,174.0,1,1.0,23.0,2243880587,Mahal
PROP0264,Jakarta Selatan,172.9,2,1.0,23.0,2582953452,Mahal
PROP1209,Bekasi,189.5,3,3.0,1.0,1900545011,Mahal
PROP1399,Bogor,157.5,3,3.0,13.0,1305023876,Mahal
PROP0444,Bekasi,35.4 m2,5,4.0,24.0,491830223,Murah
PROP1003,Bekasi,32.2 m2,5,4.0,25.0,264811341,Murah
PROP1078,Depok,81.7 m2,4,3.0,2.0,1013697610,Murah
PROP0838,Bekasi,109.5,4,4.0,31.0,1089716933,Murah
PROP1369,Jakarta Utara,76.6,2,2.0,39.0,820628915,Murah
PROP0305,Bogor,85.1 m2,2,2.0,4.0,851779428,Murah
PROP1199,Depok,160.0,1,1.0,18.0,1468463090,Mahal
PROP0314,Bogor,104.8 m2,4,3.0,37.0,850848901,Murah
PROP0150,Depok,150.2 m2,3,3.0,30.0,1484902245,Mahal
PROP1149,Jakarta Selatan,30.0,1,1.0,25.0,232801535,Murah
PROP0575,Jakarta Selatan,193.8,2,1.0,38.0,2890387237,Mahal
PROP0051,Tangerang,171.7,3,2.0,14.0,2128328923,Mahal
PROP1223,Jakarta Selatan,48.4,3,3.0,11.0,954790218,Murah
PROP0727,Bekasi,96.2,2,2.0,,911808910,Murah
PROP0834,Tangerang,70.6 m2,2,1.0,11.0,854482494,Murah
PROP1116,Bogor,72.8 m2,4,3.0,16.0,725731377,Murah
PROP1167,Bogor,156.4,1,1.0,10.0,1420974929,Mahal
PROP0471,Bogor,90.1,1,1.0,13.0,551216484,Murah
PROP0972,jakarta selatan,140.9 m2,2,1.0,17.0,2368333308,Mahal
PROP0654,Tangerang,177.0,4,4.0,38.0,1643455690,Mahal
PROP0400,Depok,62.0 m2,5,5.0,37.0,1500000,Murah
PROP0512,tangerang,30.0,4,4.0,9.0,452562930,Murah
PROP0321,Tangerang,177.3,1,1.0,15.0,1869320339,Mahal
PROP0020,Tangerang,111.2,5,4.0,31.0,1353122062,Mahal
PROP0685,Bekasi,131.7,1,1.0,38.0,806741902,Murah
PROP0036,Bogor,103.3 m2,5,4.0,28.0,940434462,Murah
PROP0903,Jakarta Selatan,63.6,3,2.0,24.0,1058846140,Murah
PROP0828,Depok,199.8,2,1.0,30.0,1845177196,Mahal
PROP1374,Bogor,30.0 m2,3,2.0,6.0,430084152,Murah
PROP0408,Tangerang,168.7,2,1.0,1.0,1928997202,Mahal
PROP0921,Depok,159.6,4,3.0,36.0,1525265198,Mahal
PROP0538,Bekasi,143.6 m2,4,3.0,26.0,1384019112,Mahal
PROP0759,Bekasi,151.0 m2,2,2.0,39.0,1145957406,Murah
PROP1063,Jakarta Selatan,62.1,5,5.0,4.0,1619197299,Mahal
PROP0246,Jakarta Utara,30.0,3,3.0,27.0,520124266,Murah
PROP1128,Jakarta Utara,66.7,5,5.0,38.0,915148600,Murah
PROP0785,BEKASI,107.2,1,1.0,35.0,723153373,Murah
PROP0490,Tangerang,83.5,1,1.0,0.0,966726053,Murah
PROP0155,Jakarta Utara,162.0 m2,3,3.0,25.0,2134019075,Mahal
PROP0962,Jakarta Utara,73.9 m2,3,2.0,3.0,1134379396,Murah
PROP0854,Bekasi,82.0,4,4.0,14.0,994094752,Murah
PROP0626,Bekasi,106.6 m2,2,2.0,37.0,747969561,Murah
PROP0686,Depok,138.3,3,2.0,39.0,1157476673,Murah
PROP0570,Tangerang,30.0,5,4.0,20.0,388292401,Murah
PROP1456,Jakarta Utara,165.9,5,4.0,25.0,2340454201,Mahal
PROP0018,Jakarta Utara,72.4,4,4.0,34.0,1005044081,Murah
PROP0128,Depok,128.5 m2,2,1.0,30.0,1062719911,Murah
PROP1299,Tangerang,30.0 m2,1,1.0,23.0,200000000,Murah
PROP0928,Depok,190.2,1,1.0,20.0,1822122756,Mahal
PROP0981,Jakarta Selatan,69.5 m2,4,4.0,2.0,1631758208,Mahal
PROP1500,Tangerang,46.6,4,4.0,2.0,946575018,Murah
PROP0191,Jakarta Utara,154.1 m2,3,2.0,,2018917761,Mahal
PROP1140,Depok,133.7,1,1.0,20.0,1197076900,Mahal
PROP0993,Bekasi,107.2,5,5.0,10.0,1134387361,Murah
PROP1494,Jakarta Utara,92.6,5,4.0,27.0,1350643536,Mahal
PROP1279,Jakarta Selatan,86.5 m2,1,1.0,34.0,1074381026,Murah
PROP0607,Jakarta Selatan,76.1,4,3.0,23.0,1384803174,Mahal
PROP0181,Bekasi,123.7 m2,3,2.0,6.0,1263055936,Mahal
PROP0302,Depok,196.8,4,3.0,11.0,2198018992,Mahal
PROP0497,Jakarta Utara,30.0 m2,2,1.0,2.0,467325534,Murah
PROP1320,Jak. Utara,210.1,3,2.0,34.0,2612092525,Mahal
PROP1284,Bogor,129.4,3,2.0,25.0,1031761067,Murah
PROP1264,Bogor,38.3,2,2.0,,491977302,Murah
PROP0518,Bekasi,171.7,2,1.0,17.0,1564530143,Mahal
PROP1070,Depok,120.8,5,4.0,2.0,1565705148,Mahal
PROP0477,Tangerang,30.0,2,1.0,3.0,378929892,Murah
PROP0158,Bekasi,36.4,1,1.0,19.0,307205974,Murah
PROP1196,Bogor,159.8 m2,3,3.0,23.0,1351483384,Mahal
PROP0017,Tangerang,59.6,1,1.0,15.0,568728132,Murah
PROP1073,Bekasi,42.1,5,5.0,26.0,388829753,Murah
PROP0014,Jakarta Utara,50.4,5,4.0,20.0,863040302,Murah
PROP0547,Depok,193.6,1,,39.0,1647792639,Mahal
PROP0659,Bekasi,232.3 m2,2,2.0,11.0,2254794658,Mahal
PROP1253,Bogor,30.0 m2,4,4.0,4.0,358170407,Murah
PROP1020,Tangerang,88.8,4,4.0,32.0,1031384263,Murah
PROP1285,Depok,102.3 m2,2,2.0,8.0,971661531,Murah
PROP0960,Jak. Utara,53.7 m2,1,1.0,19.0,584168714,Murah
PROP1439,Bekasi,156.3 m2,5,4.0,4.0,1709568458,Mahal
PROP0284,Depok,145.7,4,4.0,11.0,1669429940,Mahal
PROP0798,Bogor,77.5,4,3.0,37.0,499002234,Murah
PROP0226,Depok,108.1,4,3.0,36.0,1082547563,Murah
PROP0027,Bekasi,116.6 m2,5,5.0,24.0,1091987993,Murah
PROP0438,Jakarta Utara,80.2,1,1.0,22.0,1009206499,Murah
PROP1488,Jakarta Selatan,115.5,4,4.0,16.0,2274986218,Mahal
PROP0230,tangerang,96.2,1,1.0,5.0,1014033874,Murah
PROP0038,Jakarta Utara,137.4,2,2.0,19.0,1739758061,Mahal
PROP0750,Jakarta Selatan,125.6,1,1.0,36.0,1664465098,Mahal
PROP1046,Bogor,73.2,2,1.0,33.0,418046360,Murah
PROP0470,Jakarta Utara,156.8 m2,2,1.0,27.0,2012474023,Mahal
PROP1359,Depok,140.5,3,3.0,30.0,1386089220,Mahal
PROP0355,Bekasi,92.1 m2,3,2.0,4.0,1031924646,Murah
PROP0688,Tangerang,195.9,4,4.0,5.0,2337599525,Mahal
PROP1408,Bogor,142.4,5,5.0,27.0,1189233256,Mahal
PROP0640,Jakarta Utara,64.8 m2,5,5.0,18.0,1157349226,Murah
PROP1323,Bogor,30.0 m2,4,3.0,,276938876,Murah
PROP1219,Depok,49.7 m2,4,3.0,0.0,707406995,Murah
PROP1159,Tangerang,153.2,2,1.0,0.0,1819065991,Mahal
PROP1278,Depok,216.5 m2,5,4.0,29.0,2305104554,Mahal
PROP1393,Bekasi,149.6,2,2.0,0.0,1474638158,Mahal
PROP0801,Jakarta Utara,224.4,2,2.0,23.0,2960720785,Mahal
PROP0161,Bekasi,70.8,5,4.0,11.0,719061558,Murah
PROP0957,Jakarta Utara,31.1,3,2.0,34.0,364934104,Murah
PROP1187,Depok,94.0,4,4.0,38.0,772229875,Murah
PROP0822,Jakarta Utara,36.9 m2,2,2.0,6.0,600450932,Murah
PROP1299,Tangerang,30.0 m2,1,1.0,23.0,200000000,Murah
PROP0878,Bekasi,125.6,4,3.0,15.0,1218095032,Mahal
PROP0914,Bogor,91.2,5,4.0,26.0,825801515,Murah
PROP0153,Bekasi,71.0,1,1.0,9.0,587584129,Murah
PROP1403,Jakarta Utara,135.5,2,1.0,2.0,2048162378,Mahal
PROP0510,Bekasi,227.6 m2,2,1.0,0.0,2061551770,Mahal
PROP1136,Bekasi,215.6,4,4.0,16.0,2085874454,Mahal
PROP1251,Bogor,84.3,3,3.0,7.0,855633271,Murah
PROP1286,Depok,172.1 m2,3,2.0,7.0,3000000,Mahal
PROP0104,Jakarta Selatan,31.2,2,,31.0,322263424,Murah
PROP0587,Bekasi,162.8 m2,5,5.0,22.0,1484935458,Mahal
PROP1357,Tangerang,265.2 m2,3,2.0,,2979490516,Mahal
PROP1144,Tangerang,86.5,4,4.0,,1013997786,Murah
PROP0054,Tangerang,50.0,2,1.0,9.0,604458698,Murah
PROP0152,Jakarta Utara,113.0 m2,2,2.0,29.0,1430544317,Mahal
PROP0404,Bekasi,53.4,2,1.0,11.0,340462773,Murah
PROP1485,Jakarta Selatan,158.1,3,2.0,17.0,2851502498,Mahal
PROP0208,Bogor,166.7,5,4.0,0.0,1532651601,Mahal
PROP1447,Jakarta Selatan,82.5 m2,3,3.0,20.0,1484757168,Mahal
PROP1123,Jakarta Selatan,154.9 m2,5,4.0,29.0,2598290997,Mahal
PROP1347,Depok,96.9,3,3.0,7.0,1348209626,Mahal
PROP0009,Bekasi,47.9,2,1.0,20.0,239610635,Murah
PROP1015,Tangerang,109.1,3,3.0,30.0,1105503619,Murah
PROP1373,Jakarta Selatan,105.5,4,3.0,2.0,2357850059,Mahal
PROP1061,Bogor,99.1 m2,3,2.0,31.0,643455877,Murah
PROP0453,Jakarta Selatan,193.6,1,1.0,13.0,3234040973,Mahal
PROP0254,Jakarta Utara,128.2,3,3.0,35.0,1719390857,Mahal
PROP0897,Jakarta Selatan,30.0,2,1.0,24.0,515331211,Murah
PROP1337,Jakarta Utara,67.4,4,3.0,12.0,1182923048,Murah
PROP0881,Tangerang,101.5,2,1.0,32.0,822958198,Murah
PROP1443,Tangerang,85.2,5,4.0,0.0,1313835737,Mahal
PROP0624,Jakarta Selatan,142.9 m2,1,1.0,7.0,2501603761,Mahal
PROP0346,Depok,122.7,4,3.0,33.0,1169707021,Murah
PROP1315,Jakarta Selatan,119.4,4,3.0,10.0,2314075468,Mahal
PROP0263,Depok,30.0,1,1.0,5.0,243378633,Murah
PROP0151,Tangerang,55.2,4,4.0,11.0,732853100,Murah
PROP0473,Tangerang,196.1 m2,3,3.0,27.0,2100841311,Mahal
PROP0641,Jakarta Utara,30.0,3,3.0,,461319420,Murah
PROP0674,Depok,152.0,4,4.0,21.0,1547176599,Mahal
PROP1440,Tangerang,82.5,3,3.0,13.0,984746982,Murah
PROP0551,Tangerang,116.2 m2,2,1.0,14.0,1326670956,Mahal
PROP0929,Depok,115.7,1,1.0,,1218041105,Mahal
PROP0489,Jakarta Utara,91.7,1,1.0,12.0,1172186723,Murah
PROP1386,Depok,75.1 m2,4,3.0,28.0,690920633,Murah
PROP1172,Jakarta Selatan,105.2,1,1.0,11.0,1739443157,Mahal
PROP0147,Bekasi,36.7,1,1.0,3.0,503984059,Murah
PROP0403,Bogor,90.3,5,5.0,35.0,596951605,Murah
PROP0955,Tangerang,138.8 m2,2,1.0,34.0,1360974449,Mahal
PROP1435,Bogor,30.0,3,3.0,22.0,228792721,Murah
PROP0660,Tangerang,175.5,2,2.0,32.0,1688443384,Mahal
PROP0464,Tangerang,82.4,2,2.0,17.0,800220733,Murah
PROP0187,Jakarta Utara,118.4,1,1.0,29.0,1476297824,Mahal
PROP1148,Jakarta Selatan,30.0,4,3.0,23.0,663000340,Murah
PROP1225,Jakarta Utara,62.5,4,4.0,39.0,800510067,Murah
PROP0609,Jakarta Utara,203.0,4,4.0,23.0,2830119417,Mahal
PROP0144,Jakarta Utara,96.0,3,3.0,23.0,1216581299,Mahal
PROP0752,Jakarta Selatan,148.3 m2,5,5.0,3.0,3095079835,Mahal
PROP0982,Jakarta Utara,245.4,4,3.0,1.0,3591470032,Mahal
PROP0198,Bogor,37.6,1,,38.0,200000000,Murah
PROP0884,Tangerang,30.0,2,1.0,24.0,200000000,Murah
PROP0280,Tangerang,107.5 m2,2,2.0,26.0,896841296,Murah
PROP0294,Tangerang,170.5,1,1.0,30.0,1717981284,Mahal
PROP1394,Bekasi,96.7,4,3.0,,820770282,Murah
PROP0401,Depok,64.9 m2,2,2.0,2.0,985496218,Murah
PROP0123,Depok,175.6,4,,18.0,1852397035,Mahal
PROP1208,Jakarta Selatan,121.6 m2,3,3.0,31.0,1962626972,Mahal
PROP0203,Tangerang,43.3,5,4.0,2.0,791988166,Murah
PROP0836,Jakarta Utara,69.5,5,5.0,14.0,1254806014,Mahal
PROP0247,Bekasi,151.5,4,3.0,2.0,1548311973,Mahal
PROP1466,Jakarta Selatan,111.3 m2,2,2.0,16.0,1942187409,Mahal
PROP0057,Jakarta Selatan,278.7,3,3.0,34.0,4601142568,Mahal
PROP1154,Depok,85.1,3,3.0,34.0,738628839,Murah
PROP0385,Jakarta Utara,144.7 m2,5,4.0,37.0,1774095054,Mahal
PROP1351,Tangerang,109.2,5,5.0,7.0,1539075696,Mahal
PROP0855,Jakarta Selatan,100.9,1,1.0,5.0,1745563484,Mahal
PROP0220,Bekasi,141.8,5,4.0,24.0,1249911613,Mahal
PROP0642,Bekasi,125.6,4,3.0,27.0,1146816509,Murah
PROP0002,Bekasi,97.5,5,5.0,5.0,1223159722,Mahal
PROP0113,Bekasi,30.0 m2,4,3.0,28.0,302151617,Murah
PROP0699,Bogor,83.8,2,2.0,2.0,872995437,Murah
PROP1461,Jakarta Utara,133.3,5,4.0,24.0,1998045718,Mahal
PROP0952,Bogor,105.5,2,2.0,11.0,784283594,Murah
PROP1346,Bogor,164.3,1,1.0,31.0,1136871029,Murah
PROP1292,Bekasi,118.1,5,5.0,2.0,1383784691,Mahal
PROP1383,Jakarta Utara,210.0 m2,1,1.0,3.0,2773206214,Mahal
PROP0442,Jakarta Selatan,203.5 m2,1,1.0,33.0,3154552512,Mahal
PROP1137,Jakarta Utara,57.2,3,3.0,8.0,931646332,Murah
PROP1257,Depok,119.0 m2,1,1.0,7.0,1081032047,Murah
PROP0664,Bekasi,141.4,2,2.0,30.0,1136052460,Murah
PROP1402,Depok,148.4 m2,5,4.0,23.0,1625356439,Mahal
PROP1258,Bekasi,101.8,4,4.0,5.0,1133975643,Murah
PROP1360,BEKASI,159.2,2,1.0,26.0,1420148488,Mahal
PROP0318,Bogor,162.4,5,,37.0,1360702093,Mahal
PROP0649,Tangerang,30.0 m2,2,1.0,0.0,491113988,Murah
PROP0710,Tangerang,118.7 m2,2,1.0,31.0,1072630570,Murah
PROP1283,Bogor,93.8,2,2.0,22.0,683097357,Murah
PROP0973,Jakarta Utara,76.6,3,3.0,4.0,1355212351,Mahal
PROP0628,Jakarta Selatan,130.6,1,1.0,28.0,1972940938,Mahal
PROP0633,Jakarta Selatan,150.5,3,3.0,5.0,3045392937,Mahal
PROP1307,Bekasi,98.1 m2,5,4.0,29.0,896278855,Murah
PROP1249,Tangerang,146.1,2,2.0,14.0,1482996498,Mahal
PROP1492,Depok,110.8 m2,4,4.0,15.0,1425842188,Mahal
PROP1255,Bogor,73.8,1,1.0,30.0,395771333,Murah
PROP1355,Depok,170.9,3,3.0,36.0,1602134264,Mahal
PROP1413,Tangerang,183.4,3,3.0,32.0,1806347810,Mahal
PROP0796,Jakarta Utara,52.0,1,1.0,13.0,601539720,Murah
PROP0646,Bogor,137.4,4,4.0,18.0,1058500139,Murah
PROP1013,Bekasi,124.9,4,4.0,10.0,1111493729,Murah
PROP0557,Jak. Utara,142.4,2,1.0,13.0,1829046217,Mahal
PROP0682,Depok,84.8,2,1.0,30.0,851253405,Murah
PROP0578,Bekasi,36.5 m2,3,3.0,27.0,200000000,Murah
PROP1110,Bogor,56.6 m2,1,1.0,10.0,421538072,Murah
PROP1267,Bekasi,74.2 m2,4,3.0,12.0,705851818,Murah
PROP1184,Tangerang,155.5,2,1.0,16.0,1737531255,Mahal
PROP0525,Tangerang,180.6,5,5.0,12.0,2219517356,Mahal
PROP1060,Bekasi,103.3 m2,3,2.0,25.0,890700710,Murah
PROP0541,Bogor,30.0 m2,1,1.0,18.0,200000000,Murah
PROP1195,Tangerang,130.8 m2,5,4.0,6.0,1555780934,Mahal
PROP0749,Bogor,30.0,5,4.0,19.0,407745131,Murah
PROP1416,Tangerang,127.9,2,1.0,28.0,1179642776,Murah
PROP0485,Bogor,57.1,3,2.0,21.0,448312528,Murah
PROP0096,Jakarta Utara,153.3,1,1.0,20.0,1897528287,Mahal
PROP1021,Jakarta Utara,102.9,1,1.0,2.0,1553272753,Mahal
PROP0564,Bogor,164.8,4,3.0,29.0,1300688760,Mahal
PROP1265,Jakarta Selatan,106.6,5,5.0,15.0,2235892099,Mahal
PROP0743,Bogor,100.6,5,5.0,6.0,1001197602,Murah
PROP0864,Jakarta Selatan,30.0,4,3.0,38.0,373089263,Murah
PROP0892,Depok,35.5,2,1.0,0.0,292377198,Murah
PROP1039,Depok,195.2,3,2.0,33.0,1845839345,Mahal
PROP0207,Depok,144.3,4,4.0,15.0,1498658680,Mahal
PROP0393,Bekasi,85.0,4,3.0,2.0,1029156236,Murah
PROP0795,Jakarta Selatan,69.1,1,1.0,2.0,1268917125,Mahal
PROP0871,Tangerang,70.6,2,1.0,13.0,687323670,Murah
PROP0398,Tangerang,149.8,2,1.0,,1300164631,Mahal
PROP0767,Bogor,73.3,3,3.0,21.0,710259597,Murah
PROP1406,Jakarta Selatan,118.1,4,3.0,1.0,2471403070,Mahal
PROP1242,Jakarta Utara,47.4,4,4.0,13.0,852990562,Murah
PROP1029,Jakarta Utara,144.4,5,4.0,4.0,2440616864,Mahal
PROP0643,Jakarta Utara,115.4,4,3.0,38.0,1461095607,Mahal
PROP0613,Tangerang,163.8 m2,4,4.0,9.0,1981048488,Mahal
PROP0961,Bekasi,141.8,5,4.0,7.0,1348211800,Mahal
PROP0726,Jak. Utara,166.0,1,1.0,3.0,2329520681,Mahal
PROP0684,Bekasi,81.0 m2,1,1.0,24.0,699919632,Murah
PROP0099,Depok,72.9 m2,3,2.0,12.0,785610071,Murah
PROP0805,Tangerang,30.0,1,1.0,6.0,317836557,Murah
PROP0407,Jakarta Selatan,135.3,2,2.0,7.0,2413082856,Mahal
PROP0503,Bekasi,129.2,2,1.0,8.0,1297444180,Mahal
PROP1072,Depok,66.8,3,,30.0,678059275,Murah
PROP1057,Jakarta Utara,30.0 m2,4,4.0,28.0,391716158,Murah
PROP0930,Bekasi,195.8 m2,1,1.0,38.0,1538565140,Mahal
PROP0780,Bekasi,109.1,1,1.0,7.0,1166652869,Murah
PROP0201,Bekasi,156.0 m2,1,1.0,12.0,1442852286,Mahal
PROP0135,Jakarta Utara,115.2 m2,1,1.0,30.0,1221279352,Mahal
PROP1052,Tangerang,232.4,2,1.0,26.0,2391582417,Mahal
PROP0041,Bekasi,162.4,5,4.0,21.0,1637109401,Mahal
PROP1018,Jakarta Utara,129.5,4,3.0,0.0,2214045831,Mahal
PROP0231,Bekasi,48.0,1,1.0,21.0,459836541,Murah
PROP0379,Bekasi,89.5,3,2.0,21.0,862383080,Murah
PROP0289,Tangerang,200.0 m2,4,3.0,32.0,2083207262,Mahal
PROP0419,Tangerang,127.5,1,1.0,23.0,1246334099,Mahal
PROP0392,Bogor,176.2 m2,1,1.0,2.0,1457598447,Mahal
PROP0593,Bogor,37.2,2,1.0,21.0,277500489,Murah
PROP1163,Tangerang,84.1,5,5.0,39.0,958420071,Murah
PROP1087,Jakarta Selatan,128.3,4,3.0,10.0,2483670338,Mahal
PROP0648,Depok,152.6,3,2.0,25.0,1531637015,Mahal
PROP1153,Tangerang,139.0,1,1.0,29.0,1273090504,Mahal
PROP1368,Bekasi,205.5,5,5.0,15.0,1990262972,Mahal
PROP0521,Bekasi,58.4 m2,4,4.0,36.0,517435676,Murah
PROP0065,Depok,33.9,2,1.0,9.0,311224945,Murah
PROP0015,Jak. Utara,145.5,2,,26.0,1850645694,Mahal
PROP1181,Jakarta Selatan,45.4,4,3.0,25.0,774495331,Murah
PROP1065,Bogor,81.2,3,3.0,6.0,564125069,Murah
PROP0493,Depok,149.9,2,2.0,20.0,1503366869,Mahal
PROP0380,Tangerang,115.9,4,4.0,39.0,1065293112,Murah
PROP0188,Tangerang,48.7 m2,2,1.0,38.0,206968834,Murah
PROP0764,Bogor,30.0 m2,2,1.0,20.0,200000000,Murah
PROP0217,Bogor,79.5,4,3.0,5.0,917984683,Murah
PROP0792,Tangerang,119.2,2,1.0,18.0,1418639725,Mahal
PROP1077,Jakarta Selatan,118.1,2,1.0,4.0,2244751065,Mahal
PROP0879,Bekasi,99.3,3,2.0,27.0,610552017,Murah
PROP0338,Bogor,61.3,3,3.0,9.0,682010927,Murah
PROP0720,Tangerang,56.6 m2,3,3.0,21.0,679337671,Murah
PROP0296,Bogor,30.0,3,3.0,15.0,440444214,Murah
PROP1017,Bekasi,72.7,2,2.0,35.0,376786875,Murah
PROP1276,Jakarta Utara,43.8,2,1.0,33.0,452552290,Murah
PROP0456,Bekasi,32.2,4,4.0,26.0,209293064,Murah
PROP0374,Bekasi,145.7,1,1.0,11.0,1271168139,Mahal
PROP0816,Depok,152.6,3,2.0,22.0,1478290262,Mahal
PROP0270,Bogor,138.9 m2,2,1.0,7.0,1121195849,Murah
PROP0996,Bogor,152.0,2,2.0,9.0,1294424586,Mahal
PROP0202,Jakarta Utara,83.5 m2,5,5.0,15.0,1525062597,Mahal
PROP0162,Jakarta Utara,135.0,3,3.0,20.0,1753773253,Mahal
PROP0730,Bogor,128.1 m2,4,3.0,7.0,1168076668,Murah
PROP0402,Bekasi,39.4,2,1.0,12.0,396373131,Murah
PROP0703,Jakarta Utara,148.9 m2,3,3.0,37.0,1901298453,Mahal
PROP1130,Bekasi,192.4,4,3.0,29.0,1695604426,Mahal
PROP0566,Tangerang,30.0,4,3.0,28.0,340842323,Murah
PROP1414,Tangerang,182.2,2,2.0,33.0,1797580017,Mahal
PROP1022,Depok,51.7,5,5.0,14.0,825426701,Murah
PROP1026,Jakarta Selatan,97.0,1,1.0,25.0,1464009819,Mahal
PROP1412,Depok,84.7 m2,1,1.0,38.0,551924477,Murah
PROP1105,Bogor,30.0,3,3.0,36.0,200000000,Murah
PROP0206,Tangerang,115.1,1,1.0,34.0,939430159,Murah
PROP0035,Jakarta Selatan,118.9,3,2.0,34.0,1777715734,Mahal
PROP0776,Jakarta Utara,30.0,2,2.0,35.0,200000000,Murah
PROP0509,Jakarta Selatan,90.8 m2,2,1.0,4.0,1862501579,Mahal
PROP1452,Tangerang,89.5 m2,1,1.0,31.0,674063006,Murah
PROP0439,Depok,93.2,5,4.0,6.0,1337020926,Mahal
PROP1391,Bekasi,30.5,4,4.0,20.0,369234292,Murah
PROP0092,Depok,35.3,4,3.0,32.0,201046727,Murah
PROP1364,Jakarta Utara,37.3,2,1.0,22.0,439231585,Murah
PROP0898,Bekasi,176.7,2,2.0,38.0,1331090388,Mahal
PROP0565,Jakarta Utara,157.0,4,4.0,16.0,2309792787,Mahal
PROP1370,Bogor,162.0,3,3.0,20.0,1304836698,Mahal
PROP0777,Jakarta Utara,112.5 m2,2,1.0,15.0,1529427520,Mahal
PROP0242,Bekasi,123.1 m2,3,2.0,23.0,1076480489,Murah
PROP0014,Jakarta Utara,50.4,5,4.0,20.0,863040302,Murah
PROP0316,Depok,127.9,4,4.0,34.0,1198661764,Mahal
PROP0601,Jakarta Selatan,142.4 m2,1,1.0,33.0,2144127761,Mahal
PROP0388,Jakarta Utara,60.4,1,1.0,16.0,691375891,Murah
PROP1298,Bekasi,96.8,4,3.0,3.0,1074887229,Murah
PROP0167,Bogor,198.3,4,4.0,7.0,1687218392,Mahal
PROP0841,Depok,84.6 m2,2,2.0,20.0,931076429,Murah
PROP0021,Jakarta Selatan,80.0,5,4.0,28.0,1390864137,Mahal
PROP0647,Depok,65.5,3,2.0,32.0,505445619,Murah
PROP1155,Bogor,90.7,3,2.0,30.0,732804316,Murah
PROP0832,Tangerang,130.4,3,2.0,24.0,1304745055,Mahal
PROP1268,Jakarta Utara,200.0,4,4.0,32.0,2578855901,Mahal
PROP0563,Tangerang,147.1,3,3.0,14.0,1726361280,Mahal
PROP1491,Bogor,175.3,3,3.0,10.0,1551623485,Mahal
PROP0687,Bekasi,52.3,4,3.0,14.0,653184259,Murah
PROP0958,Bogor,91.8 m2,4,4.0,30.0,701427037,Murah
PROP0190,Tangerang,116.8,2,1.0,16.0,1133919454,Murah
PROP0976,Depok,75.6,4,,6.0,994023967,Murah
PROP0700,Depok,125.6,2,1.0,3.0,1200803829,Mahal
PROP0511,Jakarta Selatan,42.8 m2,4,,21.0,825225719,Murah
PROP1083,Bogor,151.4,4,4.0,8.0,1377347478,Mahal
PROP0475,Jakarta Selatan,195.6 m2,3,3.0,10.0,3697933633,Mahal
PROP0857,Bogor,133.0,4,4.0,8.0,1306118074,Mahal
PROP0748,Jakarta Selatan,77.2,2,1.0,39.0,953239172,Murah
PROP0253,Jakarta Selatan,149.8,3,3.0,23.0,2643715210,Mahal
PROP0022,Tangerang,171.1,4,4.0,38.0,1852111101,Mahal
PROP1338,Bogor,85.7 m2,3,3.0,14.0,713338228,Murah
PROP0460,Depok,118.9,4,3.0,37.0,1146946662,Murah
PROP1185,Jakarta Utara,127.8,4,3.0,35.0,1665795992,Mahal
PROP0277,Jakarta Utara,169.8,5,4.0,26.0,2575200509,Mahal
PROP0956,Tangerang,140.4 m2,3,2.0,1.0,1823102708,Mahal
PROP1216,Bogor,44.9,3,3.0,24.0,455336964,Murah
PROP0386,Tangerang,109.2,5,5.0,1.0,1469213668,Mahal
PROP0806,Jakarta Utara,87.0,5,5.0,27.0,1411389112,Mahal
PROP1438,Depok,95.7 m2,2,2.0,1.0,967755280,Murah
PROP0344,Tangerang,143.3 m2,5,4.0,21.0,1794355940,Mahal
PROP0770,Jakarta Selatan,107.7,5,5.0,32.0,1875003477,Mahal
PROP1333,Bogor,94.1 m2,3,3.0,22.0,598665637,Murah
PROP0131,Bekasi,30.0 m2,3,2.0,9.0,606966231,Murah
PROP0872,Jakarta Selatan,150.5,2,1.0,3.0,2726710340,Mahal
PROP1124,Jakarta Selatan,166.4,5,5.0,7.0,3323540950,Mahal
PROP1397,Bogor,106.9,4,3.0,17.0,1052309056,Murah
PROP0088,Bogor,94.8,3,2.0,38.0,828722104,Murah
PROP1483,Tangerang,136.5,4,4.0,,1775267493,Mahal
PROP0331,Bogor,39.3,3,2.0,6.0,376187508,Murah
PROP1239,Depok,220.4,1,1.0,26.0,2069849672,Mahal
PROP0467,Bekasi,115.2 m2,2,1.0,2.0,1128921699,Murah
PROP0122,Bekasi,70.1 m2,5,5.0,7.0,920744518,Murah
PROP1045,Bogor,49.4 m2,2,1.0,25.0,274512571,Murah
PROP1096,Jakarta Utara,182.5,1,1.0,,2502136876,Mahal
PROP1131,Bogor,79.6,4,4.0,37.0,557193379,Murah
PROP1295,Bekasi,40.7,1,1.0,37.0,200000000,Murah
PROP0861,Depok,85.8,2,2.0,32.0,815437554,Murah
PROP1460,Bekasi,55.9 m2,1,1.0,3.0,523325130,Murah
PROP1127,Jakarta Selatan,193.3 m2,2,1.0,19.0,3235257860,Mahal
